{"__type":"$$EventMessageAudit","id":"087b171b-ba54-4f76-8fbf-f94fe39025be","ts":"2026-08-18T16:37:35.335+00:00","eventName":"n8n.audit.workflow.created","message":"n8n.audit.workflow.created","payload":{"userId":"2934ed8e-246f-40de-b9c4-3db63c015199","_email":"rojectpfa@outlook.com","_firstName":"project","_lastName":"pfa","globalRole":"global:owner","workflowId":"ipTQvEEvjb2UKSSr","workflowName":"Newman - Juice Shop Tests"}}
{"__type":"$$EventMessageConfirm","confirm":"087b171b-ba54-4f76-8fbf-f94fe39025be","ts":"2026-08-18T16:37:35.336+00:00","source":{"id":"0","name":"eventBus"}}
{"__type":"$$EventMessageAudit","id":"3c6dd8b1-6857-4158-8b4e-778298441e87","ts":"2026-08-18T16:37:39.394+00:00","eventName":"n8n.audit.workflow.executed","message":"n8n.audit.workflow.executed","payload":{"userId":"2934ed8e-246f-40de-b9c4-3db63c015199","_email":"rojectpfa@outlook.com","_firstName":"project","_lastName":"pfa","globalRole":"global:owner","workflowId":"ipTQvEEvjb2UKSSr","workflowName":"Newman - Juice Shop Tests","executionId":"1","projectId":"VRkJ3QtMy9NsT7G4","projectName":"project pfa <rojectpfa@outlook.com>","source":"user-manual"}}
{"__type":"$$EventMessageConfirm","confirm":"3c6dd8b1-6857-4158-8b4e-778298441e87","ts":"2026-08-18T16:37:39.395+00:00","source":{"id":"0","name":"eventBus"}}
{"__type":"$$EventMessageWorkflow","id":"01f4d697-e2e9-4bca-a87d-4b5f7be561aa","ts":"2026-08-18T16:37:39.399+00:00","eventName":"n8n.workflow.started","message":"n8n.workflow.started","payload":{"executionId":"1","workflowId":"ipTQvEEvjb2UKSSr","isManual":false,"mode":"manual","workflowName":"Newman - Juice Shop Tests","projectId":"VRkJ3QtMy9NsT7G4","projectName":"project pfa <rojectpfa@outlook.com>"}}
{"__type":"$$EventMessageConfirm","confirm":"01f4d697-e2e9-4bca-a87d-4b5f7be561aa","ts":"2026-08-18T16:37:39.399+00:00","source":{"id":"0","name":"eventBus"}}
{"__type":"$$EventMessageNode","id":"53cca66b-a073-4d40-bf69-62787260737b","ts":"2026-08-18T16:37:39.412+00:00","eventName":"n8n.node.started","message":"n8n.node.started","payload":{"workflowId":"ipTQvEEvjb2UKSSr","workflowName":"Newman - Juice Shop Tests","executionId":"1","nodeType":"n8n-nodes-base.manualTrigger","nodeName":"When clicking ‘Execute workflow’","nodeId":"6f4bb230-c1c3-40b0-8281-c8e8d013185d"}}
{"__type":"$$EventMessageConfirm","confirm":"53cca66b-a073-4d40-bf69-62787260737b","ts":"2026-08-18T16:37:39.412+00:00","source":{"id":"0","name":"eventBus"}}
{"__type":"$$EventMessageNode","id":"10422b58-9a76-4ab6-81eb-c90c7484c526","ts":"2026-08-18T16:37:39.416+00:00","eventName":"n8n.node.finished","message":"n8n.node.finished","payload":{"workflowId":"ipTQvEEvjb2UKSSr","workflowName":"Newman - Juice Shop Tests","executionId":"1","nodeType":"n8n-nodes-base.manualTrigger","nodeName":"When clicking ‘Execute workflow’","nodeId":"6f4bb230-c1c3-40b0-8281-c8e8d013185d"}}
{"__type":"$$EventMessageConfirm","confirm":"10422b58-9a76-4ab6-81eb-c90c7484c526","ts":"2026-08-18T16:37:39.416+00:00","source":{"id":"0","name":"eventBus"}}
{"__type":"$$EventMessageNode","id":"2b46f175-c61d-404a-9227-a4293aab7e48","ts":"2026-08-18T16:37:39.418+00:00","eventName":"n8n.node.started","message":"n8n.node.started","payload":{"workflowId":"ipTQvEEvjb2UKSSr","workflowName":"Newman - Juice Shop Tests","executionId":"1","nodeType":"n8n-nodes-base.executeCommand","nodeName":"Execute Command  Newman","nodeId":"0ccb398f-e181-437e-8304-1e6aec49aa9a"}}
{"__type":"$$EventMessageConfirm","confirm":"2b46f175-c61d-404a-9227-a4293aab7e48","ts":"2026-08-18T16:37:39.419+00:00","source":{"id":"0","name":"eventBus"}}
{"__type":"$$EventMessageNode","id":"72cbe52f-a323-410f-af62-63a1eee39831","ts":"2026-08-18T16:37:39.439+00:00","eventName":"n8n.node.finished","message":"n8n.node.finished","payload":{"workflowId":"ipTQvEEvjb2UKSSr","workflowName":"Newman - Juice Shop Tests","executionId":"1","nodeType":"n8n-nodes-base.executeCommand","nodeName":"Execute Command  Newman","nodeId":"0ccb398f-e181-437e-8304-1e6aec49aa9a"}}
{"__type":"$$EventMessageConfirm","confirm":"72cbe52f-a323-410f-af62-63a1eee39831","ts":"2026-08-18T16:37:39.439+00:00","source":{"id":"0","name":"eventBus"}}
{"__type":"$$EventMessageNode","id":"1fa38f82-662c-417b-be40-d5097c59b3c5","ts":"2026-08-18T16:37:39.441+00:00","eventName":"n8n.node.started","message":"n8n.node.started","payload":{"workflowId":"ipTQvEEvjb2UKSSr","workflowName":"Newman - Juice Shop Tests","executionId":"1","nodeType":"n8n-nodes-base.code","nodeName":"Json Newman","nodeId":"5235daad-32fd-4a2e-ace0-ca0816d8e4e3"}}
{"__type":"$$EventMessageConfirm","confirm":"1fa38f82-662c-417b-be40-d5097c59b3c5","ts":"2026-08-18T16:37:39.441+00:00","source":{"id":"0","name":"eventBus"}}
{"__type":"$$EventMessageRunner","id":"73e18f29-3722-4cdd-a240-3cf425cc9c4d","ts":"2026-08-18T16:37:39.447+00:00","eventName":"n8n.runner.task.requested","message":"n8n.runner.task.requested","payload":{"taskId":"tO7J5vkl","nodeId":"5235daad-32fd-4a2e-ace0-ca0816d8e4e3","workflowId":"ipTQvEEvjb2UKSSr","executionId":"1"}}
{"__type":"$$EventMessageConfirm","confirm":"73e18f29-3722-4cdd-a240-3cf425cc9c4d","ts":"2026-08-18T16:37:39.447+00:00","source":{"id":"0","name":"eventBus"}}
{"__type":"$$EventMessageNode","id":"21ac4143-b2d6-42ed-b938-e8871a3e7776","ts":"2026-08-18T16:37:39.524+00:00","eventName":"n8n.node.finished","message":"n8n.node.finished","payload":{"workflowId":"ipTQvEEvjb2UKSSr","workflowName":"Newman - Juice Shop Tests","executionId":"1","nodeType":"n8n-nodes-base.code","nodeName":"Json Newman","nodeId":"5235daad-32fd-4a2e-ace0-ca0816d8e4e3"}}
{"__type":"$$EventMessageConfirm","confirm":"21ac4143-b2d6-42ed-b938-e8871a3e7776","ts":"2026-08-18T16:37:39.524+00:00","source":{"id":"0","name":"eventBus"}}
{"__type":"$$EventMessageWorkflow","id":"7f85c16a-db18-4dc2-9506-f1e17a4e9b78","ts":"2026-08-18T16:37:39.531+00:00","eventName":"n8n.workflow.failed","message":"n8n.workflow.failed","payload":{"userId":"2934ed8e-246f-40de-b9c4-3db63c015199","executionId":"1","success":false,"isManual":true,"mode":"manual","workflowId":"ipTQvEEvjb2UKSSr","workflowName":"Newman - Juice Shop Tests","projectId":"VRkJ3QtMy9NsT7G4","projectName":"project pfa <rojectpfa@outlook.com>","lastNodeExecuted":"Json Newman","errorMessage":"\"undefined\" is not valid JSON [line 5]"}}
{"__type":"$$EventMessageConfirm","confirm":"7f85c16a-db18-4dc2-9506-f1e17a4e9b78","ts":"2026-08-18T16:37:39.531+00:00","source":{"id":"0","name":"eventBus"}}
{"__type":"$$EventMessageAudit","id":"6686adcb-bf79-4c07-a239-8704fb611f6c","ts":"2026-08-18T16:37:46.772+00:00","eventName":"n8n.audit.workflow.executed","message":"n8n.audit.workflow.executed","payload":{"userId":"2934ed8e-246f-40de-b9c4-3db63c015199","_email":"rojectpfa@outlook.com","_firstName":"project","_lastName":"pfa","globalRole":"global:owner","workflowId":"ipTQvEEvjb2UKSSr","workflowName":"Newman - Juice Shop Tests","executionId":"2","projectId":"VRkJ3QtMy9NsT7G4","projectName":"project pfa <rojectpfa@outlook.com>","source":"user-manual"}}
{"__type":"$$EventMessageConfirm","confirm":"6686adcb-bf79-4c07-a239-8704fb611f6c","ts":"2026-08-18T16:37:46.772+00:00","source":{"id":"0","name":"eventBus"}}
{"__type":"$$EventMessageWorkflow","id":"51bf14b5-df95-443a-93f8-456b317efbde","ts":"2026-08-18T16:37:46.773+00:00","eventName":"n8n.workflow.started","message":"n8n.workflow.started","payload":{"executionId":"2","workflowId":"ipTQvEEvjb2UKSSr","isManual":false,"mode":"manual","workflowName":"Newman - Juice Shop Tests","projectId":"VRkJ3QtMy9NsT7G4","projectName":"project pfa <rojectpfa@outlook.com>"}}
{"__type":"$$EventMessageConfirm","confirm":"51bf14b5-df95-443a-93f8-456b317efbde","ts":"2026-08-18T16:37:46.773+00:00","source":{"id":"0","name":"eventBus"}}
{"__type":"$$EventMessageNode","id":"e0d0dfb9-28ba-4790-be4b-0d5f0c393f9b","ts":"2026-08-18T16:37:46.782+00:00","eventName":"n8n.node.started","message":"n8n.node.started","payload":{"workflowId":"ipTQvEEvjb2UKSSr","workflowName":"Newman - Juice Shop Tests","executionId":"2","nodeType":"n8n-nodes-base.code","nodeName":"Json Newman","nodeId":"5235daad-32fd-4a2e-ace0-ca0816d8e4e3"}}
{"__type":"$$EventMessageConfirm","confirm":"e0d0dfb9-28ba-4790-be4b-0d5f0c393f9b","ts":"2026-08-18T16:37:46.782+00:00","source":{"id":"0","name":"eventBus"}}
{"__type":"$$EventMessageRunner","id":"2065bceb-66e8-4246-b2ab-c88b8947ed0d","ts":"2026-08-18T16:37:46.785+00:00","eventName":"n8n.runner.task.requested","message":"n8n.runner.task.requested","payload":{"taskId":"GnHXT-EX","nodeId":"5235daad-32fd-4a2e-ace0-ca0816d8e4e3","workflowId":"ipTQvEEvjb2UKSSr","executionId":"2"}}
{"__type":"$$EventMessageConfirm","confirm":"2065bceb-66e8-4246-b2ab-c88b8947ed0d","ts":"2026-08-18T16:37:46.785+00:00","source":{"id":"0","name":"eventBus"}}
{"__type":"$$EventMessageNode","id":"551bfe66-c9c1-4b9b-8bd5-ecc684a07129","ts":"2026-08-18T16:37:46.797+00:00","eventName":"n8n.node.finished","message":"n8n.node.finished","payload":{"workflowId":"ipTQvEEvjb2UKSSr","workflowName":"Newman - Juice Shop Tests","executionId":"2","nodeType":"n8n-nodes-base.code","nodeName":"Json Newman","nodeId":"5235daad-32fd-4a2e-ace0-ca0816d8e4e3"}}
{"__type":"$$EventMessageConfirm","confirm":"551bfe66-c9c1-4b9b-8bd5-ecc684a07129","ts":"2026-08-18T16:37:46.797+00:00","source":{"id":"0","name":"eventBus"}}
{"__type":"$$EventMessageWorkflow","id":"9da61aee-ade0-48f8-8e8c-7b18af818d6f","ts":"2026-08-18T16:37:46.801+00:00","eventName":"n8n.workflow.failed","message":"n8n.workflow.failed","payload":{"userId":"2934ed8e-246f-40de-b9c4-3db63c015199","executionId":"2","success":false,"isManual":true,"mode":"manual","workflowId":"ipTQvEEvjb2UKSSr","workflowName":"Newman - Juice Shop Tests","projectId":"VRkJ3QtMy9NsT7G4","projectName":"project pfa <rojectpfa@outlook.com>","lastNodeExecuted":"Json Newman","errorMessage":"\"undefined\" is not valid JSON [line 5]"}}
{"__type":"$$EventMessageConfirm","confirm":"9da61aee-ade0-48f8-8e8c-7b18af818d6f","ts":"2026-08-18T16:37:46.801+00:00","source":{"id":"0","name":"eventBus"}}
{"__type":"$$EventMessageAudit","id":"64f88d1b-1bfc-434e-8f94-6ff0d4d71955","ts":"2026-08-18T16:41:35.496+00:00","eventName":"n8n.audit.workflow.executed","message":"n8n.audit.workflow.executed","payload":{"userId":"2934ed8e-246f-40de-b9c4-3db63c015199","_email":"rojectpfa@outlook.com","_firstName":"project","_lastName":"pfa","globalRole":"global:owner","workflowId":"ipTQvEEvjb2UKSSr","workflowName":"Newman - Juice Shop Tests","executionId":"3","projectId":"VRkJ3QtMy9NsT7G4","projectName":"project pfa <rojectpfa@outlook.com>","source":"user-manual"}}
{"__type":"$$EventMessageConfirm","confirm":"64f88d1b-1bfc-434e-8f94-6ff0d4d71955","ts":"2026-08-18T16:41:35.496+00:00","source":{"id":"0","name":"eventBus"}}
{"__type":"$$EventMessageWorkflow","id":"6753b13f-105b-4d81-8661-c394f86c4f70","ts":"2026-08-18T16:41:35.498+00:00","eventName":"n8n.workflow.started","message":"n8n.workflow.started","payload":{"executionId":"3","workflowId":"ipTQvEEvjb2UKSSr","isManual":false,"mode":"manual","workflowName":"Newman - Juice Shop Tests","projectId":"VRkJ3QtMy9NsT7G4","projectName":"project pfa <rojectpfa@outlook.com>"}}
{"__type":"$$EventMessageConfirm","confirm":"6753b13f-105b-4d81-8661-c394f86c4f70","ts":"2026-08-18T16:41:35.498+00:00","source":{"id":"0","name":"eventBus"}}
{"__type":"$$EventMessageNode","id":"b279071b-4124-4107-ae68-bed90651be3a","ts":"2026-08-18T16:41:35.509+00:00","eventName":"n8n.node.started","message":"n8n.node.started","payload":{"workflowId":"ipTQvEEvjb2UKSSr","workflowName":"Newman - Juice Shop Tests","executionId":"3","nodeType":"n8n-nodes-base.manualTrigger","nodeName":"When clicking ‘Execute workflow’","nodeId":"6f4bb230-c1c3-40b0-8281-c8e8d013185d"}}
{"__type":"$$EventMessageConfirm","confirm":"b279071b-4124-4107-ae68-bed90651be3a","ts":"2026-08-18T16:41:35.510+00:00","source":{"id":"0","name":"eventBus"}}
{"__type":"$$EventMessageNode","id":"9b3a90cf-8140-410e-99d7-73a14d0c729b","ts":"2026-08-18T16:41:35.511+00:00","eventName":"n8n.node.finished","message":"n8n.node.finished","payload":{"workflowId":"ipTQvEEvjb2UKSSr","workflowName":"Newman - Juice Shop Tests","executionId":"3","nodeType":"n8n-nodes-base.manualTrigger","nodeName":"When clicking ‘Execute workflow’","nodeId":"6f4bb230-c1c3-40b0-8281-c8e8d013185d"}}
{"__type":"$$EventMessageConfirm","confirm":"9b3a90cf-8140-410e-99d7-73a14d0c729b","ts":"2026-08-18T16:41:35.511+00:00","source":{"id":"0","name":"eventBus"}}
{"__type":"$$EventMessageNode","id":"20bde11b-51be-4370-a570-c41a869fdb9b","ts":"2026-08-18T16:41:35.512+00:00","eventName":"n8n.node.started","message":"n8n.node.started","payload":{"workflowId":"ipTQvEEvjb2UKSSr","workflowName":"Newman - Juice Shop Tests","executionId":"3","nodeType":"n8n-nodes-base.executeCommand","nodeName":"Execute Command  Newman","nodeId":"0ccb398f-e181-437e-8304-1e6aec49aa9a"}}
{"__type":"$$EventMessageConfirm","confirm":"20bde11b-51be-4370-a570-c41a869fdb9b","ts":"2026-08-18T16:41:35.512+00:00","source":{"id":"0","name":"eventBus"}}
{"__type":"$$EventMessageNode","id":"1bf46eec-1945-4965-a54d-be6417ed3440","ts":"2026-08-18T16:41:35.524+00:00","eventName":"n8n.node.finished","message":"n8n.node.finished","payload":{"workflowId":"ipTQvEEvjb2UKSSr","workflowName":"Newman - Juice Shop Tests","executionId":"3","nodeType":"n8n-nodes-base.executeCommand","nodeName":"Execute Command  Newman","nodeId":"0ccb398f-e181-437e-8304-1e6aec49aa9a"}}
{"__type":"$$EventMessageConfirm","confirm":"1bf46eec-1945-4965-a54d-be6417ed3440","ts":"2026-08-18T16:41:35.524+00:00","source":{"id":"0","name":"eventBus"}}
{"__type":"$$EventMessageNode","id":"94b179b6-8d20-4101-8b7d-d6b15b3840bb","ts":"2026-08-18T16:41:35.525+00:00","eventName":"n8n.node.started","message":"n8n.node.started","payload":{"workflowId":"ipTQvEEvjb2UKSSr","workflowName":"Newman - Juice Shop Tests","executionId":"3","nodeType":"n8n-nodes-base.code","nodeName":"Json Newman","nodeId":"5235daad-32fd-4a2e-ace0-ca0816d8e4e3"}}
{"__type":"$$EventMessageConfirm","confirm":"94b179b6-8d20-4101-8b7d-d6b15b3840bb","ts":"2026-08-18T16:41:35.525+00:00","source":{"id":"0","name":"eventBus"}}
{"__type":"$$EventMessageRunner","id":"803ecc8a-5b4c-4626-aef3-b50012f18b69","ts":"2026-08-18T16:41:35.529+00:00","eventName":"n8n.runner.task.requested","message":"n8n.runner.task.requested","payload":{"taskId":"ttwuAPNh","nodeId":"5235daad-32fd-4a2e-ace0-ca0816d8e4e3","workflowId":"ipTQvEEvjb2UKSSr","executionId":"3"}}
{"__type":"$$EventMessageConfirm","confirm":"803ecc8a-5b4c-4626-aef3-b50012f18b69","ts":"2026-08-18T16:41:35.529+00:00","source":{"id":"0","name":"eventBus"}}
{"__type":"$$EventMessageNode","id":"2b397ae8-cda1-4d39-9358-62e24a91dfdd","ts":"2026-08-18T16:41:35.542+00:00","eventName":"n8n.node.finished","message":"n8n.node.finished","payload":{"workflowId":"ipTQvEEvjb2UKSSr","workflowName":"Newman - Juice Shop Tests","executionId":"3","nodeType":"n8n-nodes-base.code","nodeName":"Json Newman","nodeId":"5235daad-32fd-4a2e-ace0-ca0816d8e4e3"}}
{"__type":"$$EventMessageConfirm","confirm":"2b397ae8-cda1-4d39-9358-62e24a91dfdd","ts":"2026-08-18T16:41:35.543+00:00","source":{"id":"0","name":"eventBus"}}
{"__type":"$$EventMessageWorkflow","id":"8f9425ef-5cde-4b5c-bb37-56ed7fcb69b5","ts":"2026-08-18T16:41:35.547+00:00","eventName":"n8n.workflow.failed","message":"n8n.workflow.failed","payload":{"userId":"2934ed8e-246f-40de-b9c4-3db63c015199","executionId":"3","success":false,"isManual":true,"mode":"manual","workflowId":"ipTQvEEvjb2UKSSr","workflowName":"Newman - Juice Shop Tests","projectId":"VRkJ3QtMy9NsT7G4","projectName":"project pfa <rojectpfa@outlook.com>","lastNodeExecuted":"Json Newman","errorMessage":"\"undefined\" is not valid JSON [line 5]"}}
{"__type":"$$EventMessageConfirm","confirm":"8f9425ef-5cde-4b5c-bb37-56ed7fcb69b5","ts":"2026-08-18T16:41:35.547+00:00","source":{"id":"0","name":"eventBus"}}
{"__type":"$$EventMessageAudit","id":"6c43ea06-9cf2-48b8-aaf5-9993ca8791db","ts":"2026-08-18T16:41:39.961+00:00","eventName":"n8n.audit.workflow.executed","message":"n8n.audit.workflow.executed","payload":{"userId":"2934ed8e-246f-40de-b9c4-3db63c015199","_email":"rojectpfa@outlook.com","_firstName":"project","_lastName":"pfa","globalRole":"global:owner","workflowId":"ipTQvEEvjb2UKSSr","workflowName":"Newman - Juice Shop Tests","executionId":"4","projectId":"VRkJ3QtMy9NsT7G4","projectName":"project pfa <rojectpfa@outlook.com>","source":"user-manual"}}
{"__type":"$$EventMessageConfirm","confirm":"6c43ea06-9cf2-48b8-aaf5-9993ca8791db","ts":"2026-08-18T16:41:39.961+00:00","source":{"id":"0","name":"eventBus"}}
{"__type":"$$EventMessageWorkflow","id":"f3d7bab3-ea5c-4f22-86df-a9685ed384db","ts":"2026-08-18T16:41:39.962+00:00","eventName":"n8n.workflow.started","message":"n8n.workflow.started","payload":{"executionId":"4","workflowId":"ipTQvEEvjb2UKSSr","isManual":false,"mode":"manual","workflowName":"Newman - Juice Shop Tests","projectId":"VRkJ3QtMy9NsT7G4","projectName":"project pfa <rojectpfa@outlook.com>"}}
{"__type":"$$EventMessageConfirm","confirm":"f3d7bab3-ea5c-4f22-86df-a9685ed384db","ts":"2026-08-18T16:41:39.963+00:00","source":{"id":"0","name":"eventBus"}}
{"__type":"$$EventMessageNode","id":"62da6e3b-cceb-4a90-8afb-bdebbd93128c","ts":"2026-08-18T16:41:39.975+00:00","eventName":"n8n.node.started","message":"n8n.node.started","payload":{"workflowId":"ipTQvEEvjb2UKSSr","workflowName":"Newman - Juice Shop Tests","executionId":"4","nodeType":"n8n-nodes-base.code","nodeName":"Json Newman","nodeId":"5235daad-32fd-4a2e-ace0-ca0816d8e4e3"}}
{"__type":"$$EventMessageConfirm","confirm":"62da6e3b-cceb-4a90-8afb-bdebbd93128c","ts":"2026-08-18T16:41:39.976+00:00","source":{"id":"0","name":"eventBus"}}
{"__type":"$$EventMessageRunner","id":"82affcc4-98c6-4ea5-889e-1ff12462475a","ts":"2026-08-18T16:41:39.979+00:00","eventName":"n8n.runner.task.requested","message":"n8n.runner.task.requested","payload":{"taskId":"quNCftrP","nodeId":"5235daad-32fd-4a2e-ace0-ca0816d8e4e3","workflowId":"ipTQvEEvjb2UKSSr","executionId":"4"}}
{"__type":"$$EventMessageConfirm","confirm":"82affcc4-98c6-4ea5-889e-1ff12462475a","ts":"2026-08-18T16:41:39.979+00:00","source":{"id":"0","name":"eventBus"}}
{"__type":"$$EventMessageNode","id":"dee76fee-69ff-4181-b1c6-b115a334b67f","ts":"2026-08-18T16:41:39.990+00:00","eventName":"n8n.node.finished","message":"n8n.node.finished","payload":{"workflowId":"ipTQvEEvjb2UKSSr","workflowName":"Newman - Juice Shop Tests","executionId":"4","nodeType":"n8n-nodes-base.code","nodeName":"Json Newman","nodeId":"5235daad-32fd-4a2e-ace0-ca0816d8e4e3"}}
{"__type":"$$EventMessageConfirm","confirm":"dee76fee-69ff-4181-b1c6-b115a334b67f","ts":"2026-08-18T16:41:39.990+00:00","source":{"id":"0","name":"eventBus"}}
{"__type":"$$EventMessageWorkflow","id":"6fe1788e-3091-4201-9e15-3c8453b85e6b","ts":"2026-08-18T16:41:39.997+00:00","eventName":"n8n.workflow.failed","message":"n8n.workflow.failed","payload":{"userId":"2934ed8e-246f-40de-b9c4-3db63c015199","executionId":"4","success":false,"isManual":true,"mode":"manual","workflowId":"ipTQvEEvjb2UKSSr","workflowName":"Newman - Juice Shop Tests","projectId":"VRkJ3QtMy9NsT7G4","projectName":"project pfa <rojectpfa@outlook.com>","lastNodeExecuted":"Json Newman","errorMessage":"\"undefined\" is not valid JSON [line 5]"}}
{"__type":"$$EventMessageConfirm","confirm":"6fe1788e-3091-4201-9e15-3c8453b85e6b","ts":"2026-08-18T16:41:39.997+00:00","source":{"id":"0","name":"eventBus"}}
{"__type":"$$EventMessageAudit","id":"a3f9a754-fa4b-4bbb-809f-5b8ae6c45098","ts":"2026-08-18T16:42:30.514+00:00","eventName":"n8n.audit.workflow.executed","message":"n8n.audit.workflow.executed","payload":{"userId":"2934ed8e-246f-40de-b9c4-3db63c015199","_email":"rojectpfa@outlook.com","_firstName":"project","_lastName":"pfa","globalRole":"global:owner","workflowId":"ipTQvEEvjb2UKSSr","workflowName":"Newman - Juice Shop Tests","executionId":"5","projectId":"VRkJ3QtMy9NsT7G4","projectName":"project pfa <rojectpfa@outlook.com>","source":"user-manual"}}
{"__type":"$$EventMessageConfirm","confirm":"a3f9a754-fa4b-4bbb-809f-5b8ae6c45098","ts":"2026-08-18T16:42:30.515+00:00","source":{"id":"0","name":"eventBus"}}
{"__type":"$$EventMessageWorkflow","id":"2195df32-895b-44e1-906d-29cdddf99b1d","ts":"2026-08-18T16:42:30.516+00:00","eventName":"n8n.workflow.started","message":"n8n.workflow.started","payload":{"executionId":"5","workflowId":"ipTQvEEvjb2UKSSr","isManual":false,"mode":"manual","workflowName":"Newman - Juice Shop Tests","projectId":"VRkJ3QtMy9NsT7G4","projectName":"project pfa <rojectpfa@outlook.com>"}}
{"__type":"$$EventMessageConfirm","confirm":"2195df32-895b-44e1-906d-29cdddf99b1d","ts":"2026-08-18T16:42:30.516+00:00","source":{"id":"0","name":"eventBus"}}
{"__type":"$$EventMessageNode","id":"d6f3e969-735d-478b-be0e-9b43a0d66840","ts":"2026-08-18T16:42:30.526+00:00","eventName":"n8n.node.started","message":"n8n.node.started","payload":{"workflowId":"ipTQvEEvjb2UKSSr","workflowName":"Newman - Juice Shop Tests","executionId":"5","nodeType":"n8n-nodes-base.manualTrigger","nodeName":"When clicking ‘Execute workflow’","nodeId":"6f4bb230-c1c3-40b0-8281-c8e8d013185d"}}
{"__type":"$$EventMessageConfirm","confirm":"d6f3e969-735d-478b-be0e-9b43a0d66840","ts":"2026-08-18T16:42:30.526+00:00","source":{"id":"0","name":"eventBus"}}
{"__type":"$$EventMessageNode","id":"e1beba42-7d6c-413d-92ef-9dd3ad8f6981","ts":"2026-08-18T16:42:30.527+00:00","eventName":"n8n.node.finished","message":"n8n.node.finished","payload":{"workflowId":"ipTQvEEvjb2UKSSr","workflowName":"Newman - Juice Shop Tests","executionId":"5","nodeType":"n8n-nodes-base.manualTrigger","nodeName":"When clicking ‘Execute workflow’","nodeId":"6f4bb230-c1c3-40b0-8281-c8e8d013185d"}}
{"__type":"$$EventMessageConfirm","confirm":"e1beba42-7d6c-413d-92ef-9dd3ad8f6981","ts":"2026-08-18T16:42:30.527+00:00","source":{"id":"0","name":"eventBus"}}
{"__type":"$$EventMessageNode","id":"eb363e9a-962c-4426-87f9-80323e844d6b","ts":"2026-08-18T16:42:30.528+00:00","eventName":"n8n.node.started","message":"n8n.node.started","payload":{"workflowId":"ipTQvEEvjb2UKSSr","workflowName":"Newman - Juice Shop Tests","executionId":"5","nodeType":"n8n-nodes-base.executeCommand","nodeName":"Execute Command  Newman","nodeId":"0ccb398f-e181-437e-8304-1e6aec49aa9a"}}
{"__type":"$$EventMessageConfirm","confirm":"eb363e9a-962c-4426-87f9-80323e844d6b","ts":"2026-08-18T16:42:30.528+00:00","source":{"id":"0","name":"eventBus"}}
{"__type":"$$EventMessageNode","id":"b70cec31-a052-4897-9601-27392f8bcc39","ts":"2026-08-18T16:42:30.539+00:00","eventName":"n8n.node.finished","message":"n8n.node.finished","payload":{"workflowId":"ipTQvEEvjb2UKSSr","workflowName":"Newman - Juice Shop Tests","executionId":"5","nodeType":"n8n-nodes-base.executeCommand","nodeName":"Execute Command  Newman","nodeId":"0ccb398f-e181-437e-8304-1e6aec49aa9a"}}
{"__type":"$$EventMessageConfirm","confirm":"b70cec31-a052-4897-9601-27392f8bcc39","ts":"2026-08-18T16:42:30.539+00:00","source":{"id":"0","name":"eventBus"}}
{"__type":"$$EventMessageNode","id":"b23e9fdb-6100-42a7-beaa-6bc242ee8ce8","ts":"2026-08-18T16:42:30.540+00:00","eventName":"n8n.node.started","message":"n8n.node.started","payload":{"workflowId":"ipTQvEEvjb2UKSSr","workflowName":"Newman - Juice Shop Tests","executionId":"5","nodeType":"n8n-nodes-base.code","nodeName":"Json Newman","nodeId":"5235daad-32fd-4a2e-ace0-ca0816d8e4e3"}}
{"__type":"$$EventMessageConfirm","confirm":"b23e9fdb-6100-42a7-beaa-6bc242ee8ce8","ts":"2026-08-18T16:42:30.540+00:00","source":{"id":"0","name":"eventBus"}}
{"__type":"$$EventMessageRunner","id":"b0756280-436d-4f30-8202-5a221c51beb6","ts":"2026-08-18T16:42:30.543+00:00","eventName":"n8n.runner.task.requested","message":"n8n.runner.task.requested","payload":{"taskId":"h9OXvtEr","nodeId":"5235daad-32fd-4a2e-ace0-ca0816d8e4e3","workflowId":"ipTQvEEvjb2UKSSr","executionId":"5"}}
{"__type":"$$EventMessageConfirm","confirm":"b0756280-436d-4f30-8202-5a221c51beb6","ts":"2026-08-18T16:42:30.543+00:00","source":{"id":"0","name":"eventBus"}}
{"__type":"$$EventMessageNode","id":"eccc0461-f12f-4cc1-970b-339cdb506583","ts":"2026-08-18T16:42:30.555+00:00","eventName":"n8n.node.finished","message":"n8n.node.finished","payload":{"workflowId":"ipTQvEEvjb2UKSSr","workflowName":"Newman - Juice Shop Tests","executionId":"5","nodeType":"n8n-nodes-base.code","nodeName":"Json Newman","nodeId":"5235daad-32fd-4a2e-ace0-ca0816d8e4e3"}}
{"__type":"$$EventMessageConfirm","confirm":"eccc0461-f12f-4cc1-970b-339cdb506583","ts":"2026-08-18T16:42:30.555+00:00","source":{"id":"0","name":"eventBus"}}
{"__type":"$$EventMessageWorkflow","id":"f8c89563-51a3-45f4-949d-3c78990d34dd","ts":"2026-08-18T16:42:30.558+00:00","eventName":"n8n.workflow.failed","message":"n8n.workflow.failed","payload":{"userId":"2934ed8e-246f-40de-b9c4-3db63c015199","executionId":"5","success":false,"isManual":true,"mode":"manual","workflowId":"ipTQvEEvjb2UKSSr","workflowName":"Newman - Juice Shop Tests","projectId":"VRkJ3QtMy9NsT7G4","projectName":"project pfa <rojectpfa@outlook.com>","lastNodeExecuted":"Json Newman","errorMessage":"\"undefined\" is not valid JSON [line 5]"}}
{"__type":"$$EventMessageConfirm","confirm":"f8c89563-51a3-45f4-949d-3c78990d34dd","ts":"2026-08-18T16:42:30.558+00:00","source":{"id":"0","name":"eventBus"}}
{"__type":"$$EventMessageAudit","id":"2e2e8d60-6fe6-4c13-bbee-14ff97c5761f","ts":"2026-08-18T16:43:11.136+00:00","eventName":"n8n.audit.workflow.updated","message":"n8n.audit.workflow.updated","payload":{"userId":"2934ed8e-246f-40de-b9c4-3db63c015199","_email":"rojectpfa@outlook.com","_firstName":"project","_lastName":"pfa","globalRole":"global:owner","workflowId":"ipTQvEEvjb2UKSSr","workflowName":"Newman - Juice Shop Tests"}}
{"__type":"$$EventMessageConfirm","confirm":"2e2e8d60-6fe6-4c13-bbee-14ff97c5761f","ts":"2026-08-18T16:43:11.136+00:00","source":{"id":"0","name":"eventBus"}}
{"__type":"$$EventMessageAudit","id":"677d20d2-0d3f-44e4-9e03-9b996d8c6d2d","ts":"2026-08-18T16:43:13.097+00:00","eventName":"n8n.audit.workflow.updated","message":"n8n.audit.workflow.updated","payload":{"userId":"2934ed8e-246f-40de-b9c4-3db63c015199","_email":"rojectpfa@outlook.com","_firstName":"project","_lastName":"pfa","globalRole":"global:owner","workflowId":"ipTQvEEvjb2UKSSr","workflowName":"Newman - Juice Shop Tests"}}
{"__type":"$$EventMessageConfirm","confirm":"677d20d2-0d3f-44e4-9e03-9b996d8c6d2d","ts":"2026-08-18T16:43:13.097+00:00","source":{"id":"0","name":"eventBus"}}
{"__type":"$$EventMessageAudit","id":"218fab0b-91db-447b-97ef-c7ebd7616c72","ts":"2026-08-18T16:43:39.155+00:00","eventName":"n8n.audit.workflow.updated","message":"n8n.audit.workflow.updated","payload":{"userId":"2934ed8e-246f-40de-b9c4-3db63c015199","_email":"rojectpfa@outlook.com","_firstName":"project","_lastName":"pfa","globalRole":"global:owner","workflowId":"ipTQvEEvjb2UKSSr","workflowName":"Newman - Juice Shop Tests"}}
{"__type":"$$EventMessageConfirm","confirm":"218fab0b-91db-447b-97ef-c7ebd7616c72","ts":"2026-08-18T16:43:39.155+00:00","source":{"id":"0","name":"eventBus"}}
{"__type":"$$EventMessageAudit","id":"f6a81dc8-2549-4fb4-83ea-356123eeab60","ts":"2026-08-18T16:43:39.263+00:00","eventName":"n8n.audit.workflow.updated","message":"n8n.audit.workflow.updated","payload":{"userId":"2934ed8e-246f-40de-b9c4-3db63c015199","_email":"rojectpfa@outlook.com","_firstName":"project","_lastName":"pfa","globalRole":"global:owner","workflowId":"ipTQvEEvjb2UKSSr","workflowName":"Newman - Juice Shop Tests"}}
{"__type":"$$EventMessageConfirm","confirm":"f6a81dc8-2549-4fb4-83ea-356123eeab60","ts":"2026-08-18T16:43:39.263+00:00","source":{"id":"0","name":"eventBus"}}
{"__type":"$$EventMessageAudit","id":"e60872f6-5bab-4a68-9b5e-4450e51361dc","ts":"2026-08-18T16:43:39.335+00:00","eventName":"n8n.audit.workflow.executed","message":"n8n.audit.workflow.executed","payload":{"userId":"2934ed8e-246f-40de-b9c4-3db63c015199","_email":"rojectpfa@outlook.com","_firstName":"project","_lastName":"pfa","globalRole":"global:owner","workflowId":"ipTQvEEvjb2UKSSr","workflowName":"Newman - Juice Shop Tests","executionId":"6","projectId":"VRkJ3QtMy9NsT7G4","projectName":"project pfa <rojectpfa@outlook.com>","source":"user-manual"}}
{"__type":"$$EventMessageConfirm","confirm":"e60872f6-5bab-4a68-9b5e-4450e51361dc","ts":"2026-08-18T16:43:39.335+00:00","source":{"id":"0","name":"eventBus"}}
{"__type":"$$EventMessageWorkflow","id":"c28b4e0b-f085-4eab-a306-9cea4ea28fec","ts":"2026-08-18T16:43:39.336+00:00","eventName":"n8n.workflow.started","message":"n8n.workflow.started","payload":{"executionId":"6","workflowId":"ipTQvEEvjb2UKSSr","isManual":false,"mode":"manual","workflowName":"Newman - Juice Shop Tests","projectId":"VRkJ3QtMy9NsT7G4","projectName":"project pfa <rojectpfa@outlook.com>"}}
{"__type":"$$EventMessageConfirm","confirm":"c28b4e0b-f085-4eab-a306-9cea4ea28fec","ts":"2026-08-18T16:43:39.336+00:00","source":{"id":"0","name":"eventBus"}}
{"__type":"$$EventMessageNode","id":"54af0ec0-a1c2-4051-a70f-242d6a75277c","ts":"2026-08-18T16:43:39.346+00:00","eventName":"n8n.node.started","message":"n8n.node.started","payload":{"workflowId":"ipTQvEEvjb2UKSSr","workflowName":"Newman - Juice Shop Tests","executionId":"6","nodeType":"n8n-nodes-base.executeCommand","nodeName":"Execute Command  Newman","nodeId":"0ccb398f-e181-437e-8304-1e6aec49aa9a"}}
{"__type":"$$EventMessageConfirm","confirm":"54af0ec0-a1c2-4051-a70f-242d6a75277c","ts":"2026-08-18T16:43:39.346+00:00","source":{"id":"0","name":"eventBus"}}
{"__type":"$$EventMessageNode","id":"331b6673-4c04-43e2-8e64-e0bc6a9915e9","ts":"2026-08-18T16:43:39.376+00:00","eventName":"n8n.node.finished","message":"n8n.node.finished","payload":{"workflowId":"ipTQvEEvjb2UKSSr","workflowName":"Newman - Juice Shop Tests","executionId":"6","nodeType":"n8n-nodes-base.executeCommand","nodeName":"Execute Command  Newman","nodeId":"0ccb398f-e181-437e-8304-1e6aec49aa9a"}}
{"__type":"$$EventMessageConfirm","confirm":"331b6673-4c04-43e2-8e64-e0bc6a9915e9","ts":"2026-08-18T16:43:39.377+00:00","source":{"id":"0","name":"eventBus"}}
{"__type":"$$EventMessageWorkflow","id":"ab434b71-b80b-42a4-8faa-bf95af4796fe","ts":"2026-08-18T16:43:39.383+00:00","eventName":"n8n.workflow.success","message":"n8n.workflow.success","payload":{"userId":"2934ed8e-246f-40de-b9c4-3db63c015199","executionId":"6","success":true,"isManual":true,"mode":"manual","workflowId":"ipTQvEEvjb2UKSSr","workflowName":"Newman - Juice Shop Tests","projectId":"VRkJ3QtMy9NsT7G4","projectName":"project pfa <rojectpfa@outlook.com>"}}
{"__type":"$$EventMessageConfirm","confirm":"ab434b71-b80b-42a4-8faa-bf95af4796fe","ts":"2026-08-18T16:43:39.383+00:00","source":{"id":"0","name":"eventBus"}}
{"__type":"$$EventMessageAudit","id":"d779dbcd-8f67-4740-a7ae-2d487dc2e32c","ts":"2026-08-18T16:43:43.966+00:00","eventName":"n8n.audit.workflow.executed","message":"n8n.audit.workflow.executed","payload":{"userId":"2934ed8e-246f-40de-b9c4-3db63c015199","_email":"rojectpfa@outlook.com","_firstName":"project","_lastName":"pfa","globalRole":"global:owner","workflowId":"ipTQvEEvjb2UKSSr","workflowName":"Newman - Juice Shop Tests","executionId":"7","projectId":"VRkJ3QtMy9NsT7G4","projectName":"project pfa <rojectpfa@outlook.com>","source":"user-manual"}}
{"__type":"$$EventMessageConfirm","confirm":"d779dbcd-8f67-4740-a7ae-2d487dc2e32c","ts":"2026-08-18T16:43:43.966+00:00","source":{"id":"0","name":"eventBus"}}
{"__type":"$$EventMessageWorkflow","id":"721a9774-7d60-4e2d-a97d-0006865aac8f","ts":"2026-08-18T16:43:43.967+00:00","eventName":"n8n.workflow.started","message":"n8n.workflow.started","payload":{"executionId":"7","workflowId":"ipTQvEEvjb2UKSSr","isManual":false,"mode":"manual","workflowName":"Newman - Juice Shop Tests","projectId":"VRkJ3QtMy9NsT7G4","projectName":"project pfa <rojectpfa@outlook.com>"}}
{"__type":"$$EventMessageConfirm","confirm":"721a9774-7d60-4e2d-a97d-0006865aac8f","ts":"2026-08-18T16:43:43.967+00:00","source":{"id":"0","name":"eventBus"}}
{"__type":"$$EventMessageNode","id":"f793b849-7255-4065-bebc-e674c1de9e39","ts":"2026-08-18T16:43:43.976+00:00","eventName":"n8n.node.started","message":"n8n.node.started","payload":{"workflowId":"ipTQvEEvjb2UKSSr","workflowName":"Newman - Juice Shop Tests","executionId":"7","nodeType":"n8n-nodes-base.manualTrigger","nodeName":"When clicking ‘Execute workflow’","nodeId":"6f4bb230-c1c3-40b0-8281-c8e8d013185d"}}
{"__type":"$$EventMessageConfirm","confirm":"f793b849-7255-4065-bebc-e674c1de9e39","ts":"2026-08-18T16:43:43.976+00:00","source":{"id":"0","name":"eventBus"}}
{"__type":"$$EventMessageNode","id":"110b0569-36bd-4ec8-a848-8fab0596a237","ts":"2026-08-18T16:43:43.978+00:00","eventName":"n8n.node.finished","message":"n8n.node.finished","payload":{"workflowId":"ipTQvEEvjb2UKSSr","workflowName":"Newman - Juice Shop Tests","executionId":"7","nodeType":"n8n-nodes-base.manualTrigger","nodeName":"When clicking ‘Execute workflow’","nodeId":"6f4bb230-c1c3-40b0-8281-c8e8d013185d"}}
{"__type":"$$EventMessageConfirm","confirm":"110b0569-36bd-4ec8-a848-8fab0596a237","ts":"2026-08-18T16:43:43.979+00:00","source":{"id":"0","name":"eventBus"}}
{"__type":"$$EventMessageNode","id":"c15a1a0e-0e53-45c4-853e-2305ee0d372c","ts":"2026-08-18T16:43:43.979+00:00","eventName":"n8n.node.started","message":"n8n.node.started","payload":{"workflowId":"ipTQvEEvjb2UKSSr","workflowName":"Newman - Juice Shop Tests","executionId":"7","nodeType":"n8n-nodes-base.executeCommand","nodeName":"Execute Command  Newman","nodeId":"0ccb398f-e181-437e-8304-1e6aec49aa9a"}}
{"__type":"$$EventMessageConfirm","confirm":"c15a1a0e-0e53-45c4-853e-2305ee0d372c","ts":"2026-08-18T16:43:43.980+00:00","source":{"id":"0","name":"eventBus"}}
{"__type":"$$EventMessageNode","id":"82f954e6-0905-417a-b0ba-67ccc7254278","ts":"2026-08-18T16:43:43.993+00:00","eventName":"n8n.node.finished","message":"n8n.node.finished","payload":{"workflowId":"ipTQvEEvjb2UKSSr","workflowName":"Newman - Juice Shop Tests","executionId":"7","nodeType":"n8n-nodes-base.executeCommand","nodeName":"Execute Command  Newman","nodeId":"0ccb398f-e181-437e-8304-1e6aec49aa9a"}}
{"__type":"$$EventMessageConfirm","confirm":"82f954e6-0905-417a-b0ba-67ccc7254278","ts":"2026-08-18T16:43:43.993+00:00","source":{"id":"0","name":"eventBus"}}
{"__type":"$$EventMessageNode","id":"1f57131f-b28d-4aad-9ed9-8b1d7b057a0e","ts":"2026-08-18T16:43:43.997+00:00","eventName":"n8n.node.started","message":"n8n.node.started","payload":{"workflowId":"ipTQvEEvjb2UKSSr","workflowName":"Newman - Juice Shop Tests","executionId":"7","nodeType":"n8n-nodes-base.code","nodeName":"Json Newman","nodeId":"5235daad-32fd-4a2e-ace0-ca0816d8e4e3"}}
{"__type":"$$EventMessageConfirm","confirm":"1f57131f-b28d-4aad-9ed9-8b1d7b057a0e","ts":"2026-08-18T16:43:43.997+00:00","source":{"id":"0","name":"eventBus"}}
{"__type":"$$EventMessageRunner","id":"e3f01bd6-3815-4a2c-b536-f5c5a52e5a3d","ts":"2026-08-18T16:43:43.999+00:00","eventName":"n8n.runner.task.requested","message":"n8n.runner.task.requested","payload":{"taskId":"MoPpI62i","nodeId":"5235daad-32fd-4a2e-ace0-ca0816d8e4e3","workflowId":"ipTQvEEvjb2UKSSr","executionId":"7"}}
{"__type":"$$EventMessageConfirm","confirm":"e3f01bd6-3815-4a2c-b536-f5c5a52e5a3d","ts":"2026-08-18T16:43:44.000+00:00","source":{"id":"0","name":"eventBus"}}
{"__type":"$$EventMessageRunner","id":"57de1c6f-ae16-4fc5-b9c0-7c0f64182765","ts":"2026-08-18T16:43:44.015+00:00","eventName":"n8n.runner.response.received","message":"n8n.runner.response.received","payload":{"taskId":"MoPpI62i","nodeId":"5235daad-32fd-4a2e-ace0-ca0816d8e4e3","workflowId":"ipTQvEEvjb2UKSSr","executionId":"7"}}
{"__type":"$$EventMessageConfirm","confirm":"57de1c6f-ae16-4fc5-b9c0-7c0f64182765","ts":"2026-08-18T16:43:44.015+00:00","source":{"id":"0","name":"eventBus"}}
{"__type":"$$EventMessageNode","id":"78e25eed-4f46-49fd-bf31-9350a11f021d","ts":"2026-08-18T16:43:44.015+00:00","eventName":"n8n.node.finished","message":"n8n.node.finished","payload":{"workflowId":"ipTQvEEvjb2UKSSr","workflowName":"Newman - Juice Shop Tests","executionId":"7","nodeType":"n8n-nodes-base.code","nodeName":"Json Newman","nodeId":"5235daad-32fd-4a2e-ace0-ca0816d8e4e3"}}
{"__type":"$$EventMessageConfirm","confirm":"78e25eed-4f46-49fd-bf31-9350a11f021d","ts":"2026-08-18T16:43:44.015+00:00","source":{"id":"0","name":"eventBus"}}
{"__type":"$$EventMessageNode","id":"f48921c8-8d02-4710-b406-6499ab2006e0","ts":"2026-08-18T16:43:44.016+00:00","eventName":"n8n.node.started","message":"n8n.node.started","payload":{"workflowId":"ipTQvEEvjb2UKSSr","workflowName":"Newman - Juice Shop Tests","executionId":"7","nodeType":"n8n-nodes-base.executeCommand","nodeName":"Execute Command  Cypress","nodeId":"73f65794-ee07-485a-8ce5-3c6e9b0f7188"}}
{"__type":"$$EventMessageConfirm","confirm":"f48921c8-8d02-4710-b406-6499ab2006e0","ts":"2026-08-18T16:43:44.016+00:00","source":{"id":"0","name":"eventBus"}}
{"__type":"$$EventMessageNode","id":"482a9216-b75e-4a1d-bd0f-37763daeae23","ts":"2026-08-18T16:43:44.041+00:00","eventName":"n8n.node.finished","message":"n8n.node.finished","payload":{"workflowId":"ipTQvEEvjb2UKSSr","workflowName":"Newman - Juice Shop Tests","executionId":"7","nodeType":"n8n-nodes-base.executeCommand","nodeName":"Execute Command  Cypress","nodeId":"73f65794-ee07-485a-8ce5-3c6e9b0f7188"}}
{"__type":"$$EventMessageConfirm","confirm":"482a9216-b75e-4a1d-bd0f-37763daeae23","ts":"2026-08-18T16:43:44.041+00:00","source":{"id":"0","name":"eventBus"}}
{"__type":"$$EventMessageWorkflow","id":"b2a52184-4849-4bdf-879f-3283dd1ab9e0","ts":"2026-08-18T16:43:44.047+00:00","eventName":"n8n.workflow.failed","message":"n8n.workflow.failed","payload":{"userId":"2934ed8e-246f-40de-b9c4-3db63c015199","executionId":"7","success":false,"isManual":true,"mode":"manual","workflowId":"ipTQvEEvjb2UKSSr","workflowName":"Newman - Juice Shop Tests","projectId":"VRkJ3QtMy9NsT7G4","projectName":"project pfa <rojectpfa@outlook.com>","lastNodeExecuted":"Execute Command  Cypress","errorNodeType":"n8n-nodes-base.executeCommand","errorMessage":"cat: can't open '/cypress-data/report.json': No such file or directory"}}
{"__type":"$$EventMessageConfirm","confirm":"b2a52184-4849-4bdf-879f-3283dd1ab9e0","ts":"2026-08-18T16:43:44.047+00:00","source":{"id":"0","name":"eventBus"}}
{"__type":"$$EventMessageAudit","id":"f7c35343-691b-40f6-9eff-0109277de2b3","ts":"2026-08-18T16:48:51.683+00:00","eventName":"n8n.audit.workflow.executed","message":"n8n.audit.workflow.executed","payload":{"userId":"2934ed8e-246f-40de-b9c4-3db63c015199","_email":"rojectpfa@outlook.com","_firstName":"project","_lastName":"pfa","globalRole":"global:owner","workflowId":"ipTQvEEvjb2UKSSr","workflowName":"Newman - Juice Shop Tests","executionId":"8","projectId":"VRkJ3QtMy9NsT7G4","projectName":"project pfa <rojectpfa@outlook.com>","source":"user-manual"}}
{"__type":"$$EventMessageConfirm","confirm":"f7c35343-691b-40f6-9eff-0109277de2b3","ts":"2026-08-18T16:48:51.684+00:00","source":{"id":"0","name":"eventBus"}}
{"__type":"$$EventMessageWorkflow","id":"1409928b-4bba-4807-ba28-232eab47f6e4","ts":"2026-08-18T16:48:51.685+00:00","eventName":"n8n.workflow.started","message":"n8n.workflow.started","payload":{"executionId":"8","workflowId":"ipTQvEEvjb2UKSSr","isManual":false,"mode":"manual","workflowName":"Newman - Juice Shop Tests","projectId":"VRkJ3QtMy9NsT7G4","projectName":"project pfa <rojectpfa@outlook.com>"}}
{"__type":"$$EventMessageConfirm","confirm":"1409928b-4bba-4807-ba28-232eab47f6e4","ts":"2026-08-18T16:48:51.685+00:00","source":{"id":"0","name":"eventBus"}}
{"__type":"$$EventMessageNode","id":"299125c5-bccc-4bb0-8388-93a6d6dfa850","ts":"2026-08-18T16:48:51.704+00:00","eventName":"n8n.node.started","message":"n8n.node.started","payload":{"workflowId":"ipTQvEEvjb2UKSSr","workflowName":"Newman - Juice Shop Tests","executionId":"8","nodeType":"n8n-nodes-base.executeCommand","nodeName":"Execute Command  Cypress","nodeId":"73f65794-ee07-485a-8ce5-3c6e9b0f7188"}}
{"__type":"$$EventMessageConfirm","confirm":"299125c5-bccc-4bb0-8388-93a6d6dfa850","ts":"2026-08-18T16:48:51.704+00:00","source":{"id":"0","name":"eventBus"}}
{"__type":"$$EventMessageNode","id":"e314f8b2-cd65-4d16-b528-9e39dc30cb4b","ts":"2026-08-18T16:48:51.722+00:00","eventName":"n8n.node.finished","message":"n8n.node.finished","payload":{"workflowId":"ipTQvEEvjb2UKSSr","workflowName":"Newman - Juice Shop Tests","executionId":"8","nodeType":"n8n-nodes-base.executeCommand","nodeName":"Execute Command  Cypress","nodeId":"73f65794-ee07-485a-8ce5-3c6e9b0f7188"}}
{"__type":"$$EventMessageConfirm","confirm":"e314f8b2-cd65-4d16-b528-9e39dc30cb4b","ts":"2026-08-18T16:48:51.723+00:00","source":{"id":"0","name":"eventBus"}}
{"__type":"$$EventMessageWorkflow","id":"dff1cace-6b65-4770-a4f0-ee7320498979","ts":"2026-08-18T16:48:51.727+00:00","eventName":"n8n.workflow.failed","message":"n8n.workflow.failed","payload":{"userId":"2934ed8e-246f-40de-b9c4-3db63c015199","executionId":"8","success":false,"isManual":true,"mode":"manual","workflowId":"ipTQvEEvjb2UKSSr","workflowName":"Newman - Juice Shop Tests","projectId":"VRkJ3QtMy9NsT7G4","projectName":"project pfa <rojectpfa@outlook.com>","lastNodeExecuted":"Execute Command  Cypress","errorNodeType":"n8n-nodes-base.executeCommand","errorMessage":"cat: can't open '/cypress-data/report.json': No such file or directory"}}
{"__type":"$$EventMessageConfirm","confirm":"dff1cace-6b65-4770-a4f0-ee7320498979","ts":"2026-08-18T16:48:51.727+00:00","source":{"id":"0","name":"eventBus"}}
{"__type":"$$EventMessageAudit","id":"27a79f6f-4323-450c-a202-1600b0ff53fc","ts":"2026-08-18T16:54:56.977+00:00","eventName":"n8n.audit.workflow.executed","message":"n8n.audit.workflow.executed","payload":{"userId":"2934ed8e-246f-40de-b9c4-3db63c015199","_email":"rojectpfa@outlook.com","_firstName":"project","_lastName":"pfa","globalRole":"global:owner","workflowId":"ipTQvEEvjb2UKSSr","workflowName":"Newman - Juice Shop Tests","executionId":"9","projectId":"VRkJ3QtMy9NsT7G4","projectName":"project pfa <rojectpfa@outlook.com>","source":"user-manual"}}
{"__type":"$$EventMessageConfirm","confirm":"27a79f6f-4323-450c-a202-1600b0ff53fc","ts":"2026-08-18T16:54:56.978+00:00","source":{"id":"0","name":"eventBus"}}
{"__type":"$$EventMessageWorkflow","id":"53c11838-9afd-4b66-807f-db1d01d64465","ts":"2026-08-18T16:54:56.978+00:00","eventName":"n8n.workflow.started","message":"n8n.workflow.started","payload":{"executionId":"9","workflowId":"ipTQvEEvjb2UKSSr","isManual":false,"mode":"manual","workflowName":"Newman - Juice Shop Tests","projectId":"VRkJ3QtMy9NsT7G4","projectName":"project pfa <rojectpfa@outlook.com>"}}
{"__type":"$$EventMessageConfirm","confirm":"53c11838-9afd-4b66-807f-db1d01d64465","ts":"2026-08-18T16:54:56.978+00:00","source":{"id":"0","name":"eventBus"}}
{"__type":"$$EventMessageNode","id":"f2c498a5-fdbf-4d63-abb0-0982564e4042","ts":"2026-08-18T16:54:56.988+00:00","eventName":"n8n.node.started","message":"n8n.node.started","payload":{"workflowId":"ipTQvEEvjb2UKSSr","workflowName":"Newman - Juice Shop Tests","executionId":"9","nodeType":"n8n-nodes-base.manualTrigger","nodeName":"When clicking ‘Execute workflow’","nodeId":"6f4bb230-c1c3-40b0-8281-c8e8d013185d"}}
{"__type":"$$EventMessageConfirm","confirm":"f2c498a5-fdbf-4d63-abb0-0982564e4042","ts":"2026-08-18T16:54:56.989+00:00","source":{"id":"0","name":"eventBus"}}
{"__type":"$$EventMessageNode","id":"5eca5616-bc20-4035-b910-93e48c89bc23","ts":"2026-08-18T16:54:56.990+00:00","eventName":"n8n.node.finished","message":"n8n.node.finished","payload":{"workflowId":"ipTQvEEvjb2UKSSr","workflowName":"Newman - Juice Shop Tests","executionId":"9","nodeType":"n8n-nodes-base.manualTrigger","nodeName":"When clicking ‘Execute workflow’","nodeId":"6f4bb230-c1c3-40b0-8281-c8e8d013185d"}}
{"__type":"$$EventMessageConfirm","confirm":"5eca5616-bc20-4035-b910-93e48c89bc23","ts":"2026-08-18T16:54:56.990+00:00","source":{"id":"0","name":"eventBus"}}
{"__type":"$$EventMessageNode","id":"22ea1330-f4e7-4ffd-ad37-9089f488b22b","ts":"2026-08-18T16:54:56.991+00:00","eventName":"n8n.node.started","message":"n8n.node.started","payload":{"workflowId":"ipTQvEEvjb2UKSSr","workflowName":"Newman - Juice Shop Tests","executionId":"9","nodeType":"n8n-nodes-base.executeCommand","nodeName":"Execute Command  Newman","nodeId":"0ccb398f-e181-437e-8304-1e6aec49aa9a"}}
{"__type":"$$EventMessageConfirm","confirm":"22ea1330-f4e7-4ffd-ad37-9089f488b22b","ts":"2026-08-18T16:54:56.991+00:00","source":{"id":"0","name":"eventBus"}}
{"__type":"$$EventMessageNode","id":"0b9b12ad-c375-4544-ae87-65499415c95c","ts":"2026-08-18T16:54:57.007+00:00","eventName":"n8n.node.finished","message":"n8n.node.finished","payload":{"workflowId":"ipTQvEEvjb2UKSSr","workflowName":"Newman - Juice Shop Tests","executionId":"9","nodeType":"n8n-nodes-base.executeCommand","nodeName":"Execute Command  Newman","nodeId":"0ccb398f-e181-437e-8304-1e6aec49aa9a"}}
{"__type":"$$EventMessageConfirm","confirm":"0b9b12ad-c375-4544-ae87-65499415c95c","ts":"2026-08-18T16:54:57.007+00:00","source":{"id":"0","name":"eventBus"}}
{"__type":"$$EventMessageNode","id":"7af12ba1-ea9e-420f-92a1-14354baa5896","ts":"2026-08-18T16:54:57.011+00:00","eventName":"n8n.node.started","message":"n8n.node.started","payload":{"workflowId":"ipTQvEEvjb2UKSSr","workflowName":"Newman - Juice Shop Tests","executionId":"9","nodeType":"n8n-nodes-base.code","nodeName":"Json Newman","nodeId":"5235daad-32fd-4a2e-ace0-ca0816d8e4e3"}}
{"__type":"$$EventMessageConfirm","confirm":"7af12ba1-ea9e-420f-92a1-14354baa5896","ts":"2026-08-18T16:54:57.011+00:00","source":{"id":"0","name":"eventBus"}}
{"__type":"$$EventMessageRunner","id":"d3bdf39c-d799-4ae5-b71b-140d4d5593d1","ts":"2026-08-18T16:54:57.014+00:00","eventName":"n8n.runner.task.requested","message":"n8n.runner.task.requested","payload":{"taskId":"WYk4u1LQ","nodeId":"5235daad-32fd-4a2e-ace0-ca0816d8e4e3","workflowId":"ipTQvEEvjb2UKSSr","executionId":"9"}}
{"__type":"$$EventMessageConfirm","confirm":"d3bdf39c-d799-4ae5-b71b-140d4d5593d1","ts":"2026-08-18T16:54:57.015+00:00","source":{"id":"0","name":"eventBus"}}
{"__type":"$$EventMessageRunner","id":"7a11ae34-2aa0-4591-9222-acd3a873a537","ts":"2026-08-18T16:54:57.030+00:00","eventName":"n8n.runner.response.received","message":"n8n.runner.response.received","payload":{"taskId":"WYk4u1LQ","nodeId":"5235daad-32fd-4a2e-ace0-ca0816d8e4e3","workflowId":"ipTQvEEvjb2UKSSr","executionId":"9"}}
{"__type":"$$EventMessageConfirm","confirm":"7a11ae34-2aa0-4591-9222-acd3a873a537","ts":"2026-08-18T16:54:57.031+00:00","source":{"id":"0","name":"eventBus"}}
{"__type":"$$EventMessageNode","id":"64a47021-1bc0-4c54-a80b-54553e6edb8e","ts":"2026-08-18T16:54:57.031+00:00","eventName":"n8n.node.finished","message":"n8n.node.finished","payload":{"workflowId":"ipTQvEEvjb2UKSSr","workflowName":"Newman - Juice Shop Tests","executionId":"9","nodeType":"n8n-nodes-base.code","nodeName":"Json Newman","nodeId":"5235daad-32fd-4a2e-ace0-ca0816d8e4e3"}}
{"__type":"$$EventMessageConfirm","confirm":"64a47021-1bc0-4c54-a80b-54553e6edb8e","ts":"2026-08-18T16:54:57.031+00:00","source":{"id":"0","name":"eventBus"}}
{"__type":"$$EventMessageNode","id":"b4b99654-1e90-48c4-a07b-2eead8ba450d","ts":"2026-08-18T16:54:57.032+00:00","eventName":"n8n.node.started","message":"n8n.node.started","payload":{"workflowId":"ipTQvEEvjb2UKSSr","workflowName":"Newman - Juice Shop Tests","executionId":"9","nodeType":"n8n-nodes-base.executeCommand","nodeName":"Execute Command  Cypress","nodeId":"73f65794-ee07-485a-8ce5-3c6e9b0f7188"}}
{"__type":"$$EventMessageConfirm","confirm":"b4b99654-1e90-48c4-a07b-2eead8ba450d","ts":"2026-08-18T16:54:57.032+00:00","source":{"id":"0","name":"eventBus"}}
{"__type":"$$EventMessageNode","id":"3cbf0793-4e50-4c16-ab7b-395101178955","ts":"2026-08-18T16:54:57.043+00:00","eventName":"n8n.node.finished","message":"n8n.node.finished","payload":{"workflowId":"ipTQvEEvjb2UKSSr","workflowName":"Newman - Juice Shop Tests","executionId":"9","nodeType":"n8n-nodes-base.executeCommand","nodeName":"Execute Command  Cypress","nodeId":"73f65794-ee07-485a-8ce5-3c6e9b0f7188"}}
{"__type":"$$EventMessageConfirm","confirm":"3cbf0793-4e50-4c16-ab7b-395101178955","ts":"2026-08-18T16:54:57.043+00:00","source":{"id":"0","name":"eventBus"}}
{"__type":"$$EventMessageNode","id":"6e89151e-9be8-405b-b6d4-30903bc94a21","ts":"2026-08-18T16:54:57.045+00:00","eventName":"n8n.node.started","message":"n8n.node.started","payload":{"workflowId":"ipTQvEEvjb2UKSSr","workflowName":"Newman - Juice Shop Tests","executionId":"9","nodeType":"n8n-nodes-base.code","nodeName":"Json Cypress","nodeId":"3d8b6114-7f38-4884-a052-98f5310d054f"}}
{"__type":"$$EventMessageConfirm","confirm":"6e89151e-9be8-405b-b6d4-30903bc94a21","ts":"2026-08-18T16:54:57.045+00:00","source":{"id":"0","name":"eventBus"}}
{"__type":"$$EventMessageRunner","id":"0c8e4e1f-f998-44e5-a8df-2a7df05d2266","ts":"2026-08-18T16:54:57.047+00:00","eventName":"n8n.runner.task.requested","message":"n8n.runner.task.requested","payload":{"taskId":"K42GRP4F","nodeId":"3d8b6114-7f38-4884-a052-98f5310d054f","workflowId":"ipTQvEEvjb2UKSSr","executionId":"9"}}
{"__type":"$$EventMessageConfirm","confirm":"0c8e4e1f-f998-44e5-a8df-2a7df05d2266","ts":"2026-08-18T16:54:57.047+00:00","source":{"id":"0","name":"eventBus"}}
{"__type":"$$EventMessageNode","id":"78dee08a-7c3d-49a1-b1b7-12a4d7a94e3c","ts":"2026-08-18T16:54:57.065+00:00","eventName":"n8n.node.finished","message":"n8n.node.finished","payload":{"workflowId":"ipTQvEEvjb2UKSSr","workflowName":"Newman - Juice Shop Tests","executionId":"9","nodeType":"n8n-nodes-base.code","nodeName":"Json Cypress","nodeId":"3d8b6114-7f38-4884-a052-98f5310d054f"}}
{"__type":"$$EventMessageConfirm","confirm":"78dee08a-7c3d-49a1-b1b7-12a4d7a94e3c","ts":"2026-08-18T16:54:57.065+00:00","source":{"id":"0","name":"eventBus"}}
{"__type":"$$EventMessageWorkflow","id":"756cbf54-d815-4e69-8ffc-45ba6033e38f","ts":"2026-08-18T16:54:57.071+00:00","eventName":"n8n.workflow.failed","message":"n8n.workflow.failed","payload":{"userId":"2934ed8e-246f-40de-b9c4-3db63c015199","executionId":"9","success":false,"isManual":true,"mode":"manual","workflowId":"ipTQvEEvjb2UKSSr","workflowName":"Newman - Juice Shop Tests","projectId":"VRkJ3QtMy9NsT7G4","projectName":"project pfa <rojectpfa@outlook.com>","lastNodeExecuted":"Json Cypress","errorMessage":"Unexpected token '�', \"��{\u0000\r\u0000 [line 2]"}}
{"__type":"$$EventMessageConfirm","confirm":"756cbf54-d815-4e69-8ffc-45ba6033e38f","ts":"2026-08-18T16:54:57.071+00:00","source":{"id":"0","name":"eventBus"}}
{"__type":"$$EventMessageAudit","id":"4d4f7166-2040-4565-8752-17edc77b8696","ts":"2026-08-18T16:56:48.679+00:00","eventName":"n8n.audit.workflow.executed","message":"n8n.audit.workflow.executed","payload":{"userId":"2934ed8e-246f-40de-b9c4-3db63c015199","_email":"rojectpfa@outlook.com","_firstName":"project","_lastName":"pfa","globalRole":"global:owner","workflowId":"ipTQvEEvjb2UKSSr","workflowName":"Newman - Juice Shop Tests","executionId":"10","projectId":"VRkJ3QtMy9NsT7G4","projectName":"project pfa <rojectpfa@outlook.com>","source":"user-manual"}}
{"__type":"$$EventMessageConfirm","confirm":"4d4f7166-2040-4565-8752-17edc77b8696","ts":"2026-08-18T16:56:48.679+00:00","source":{"id":"0","name":"eventBus"}}
{"__type":"$$EventMessageWorkflow","id":"017d8830-3a61-4822-a595-a44724741f07","ts":"2026-08-18T16:56:48.680+00:00","eventName":"n8n.workflow.started","message":"n8n.workflow.started","payload":{"executionId":"10","workflowId":"ipTQvEEvjb2UKSSr","isManual":false,"mode":"manual","workflowName":"Newman - Juice Shop Tests","projectId":"VRkJ3QtMy9NsT7G4","projectName":"project pfa <rojectpfa@outlook.com>"}}
{"__type":"$$EventMessageConfirm","confirm":"017d8830-3a61-4822-a595-a44724741f07","ts":"2026-08-18T16:56:48.680+00:00","source":{"id":"0","name":"eventBus"}}
{"__type":"$$EventMessageNode","id":"fc4064d1-23cc-4afa-875e-396bdb00fb03","ts":"2026-08-18T16:56:48.697+00:00","eventName":"n8n.node.started","message":"n8n.node.started","payload":{"workflowId":"ipTQvEEvjb2UKSSr","workflowName":"Newman - Juice Shop Tests","executionId":"10","nodeType":"n8n-nodes-base.executeCommand","nodeName":"Execute Command  Cypress","nodeId":"73f65794-ee07-485a-8ce5-3c6e9b0f7188"}}
{"__type":"$$EventMessageConfirm","confirm":"fc4064d1-23cc-4afa-875e-396bdb00fb03","ts":"2026-08-18T16:56:48.698+00:00","source":{"id":"0","name":"eventBus"}}
{"__type":"$$EventMessageNode","id":"1a953722-6159-4477-a0ca-58c3cb11ff0e","ts":"2026-08-18T16:56:48.717+00:00","eventName":"n8n.node.finished","message":"n8n.node.finished","payload":{"workflowId":"ipTQvEEvjb2UKSSr","workflowName":"Newman - Juice Shop Tests","executionId":"10","nodeType":"n8n-nodes-base.executeCommand","nodeName":"Execute Command  Cypress","nodeId":"73f65794-ee07-485a-8ce5-3c6e9b0f7188"}}
{"__type":"$$EventMessageConfirm","confirm":"1a953722-6159-4477-a0ca-58c3cb11ff0e","ts":"2026-08-18T16:56:48.717+00:00","source":{"id":"0","name":"eventBus"}}
{"__type":"$$EventMessageWorkflow","id":"28711571-b4e6-49f7-9294-b197b5dfecf6","ts":"2026-08-18T16:56:48.721+00:00","eventName":"n8n.workflow.success","message":"n8n.workflow.success","payload":{"userId":"2934ed8e-246f-40de-b9c4-3db63c015199","executionId":"10","success":true,"isManual":true,"mode":"manual","workflowId":"ipTQvEEvjb2UKSSr","workflowName":"Newman - Juice Shop Tests","projectId":"VRkJ3QtMy9NsT7G4","projectName":"project pfa <rojectpfa@outlook.com>"}}
{"__type":"$$EventMessageConfirm","confirm":"28711571-b4e6-49f7-9294-b197b5dfecf6","ts":"2026-08-18T16:56:48.721+00:00","source":{"id":"0","name":"eventBus"}}
{"__type":"$$EventMessageAudit","id":"7fd8bfa4-471d-40c0-86be-cb2a17e2bcae","ts":"2026-08-18T16:56:52.422+00:00","eventName":"n8n.audit.workflow.executed","message":"n8n.audit.workflow.executed","payload":{"userId":"2934ed8e-246f-40de-b9c4-3db63c015199","_email":"rojectpfa@outlook.com","_firstName":"project","_lastName":"pfa","globalRole":"global:owner","workflowId":"ipTQvEEvjb2UKSSr","workflowName":"Newman - Juice Shop Tests","executionId":"11","projectId":"VRkJ3QtMy9NsT7G4","projectName":"project pfa <rojectpfa@outlook.com>","source":"user-manual"}}
{"__type":"$$EventMessageConfirm","confirm":"7fd8bfa4-471d-40c0-86be-cb2a17e2bcae","ts":"2026-08-18T16:56:52.422+00:00","source":{"id":"0","name":"eventBus"}}
{"__type":"$$EventMessageWorkflow","id":"29bacdd4-4888-425a-be3a-fb0c10e5c060","ts":"2026-08-18T16:56:52.423+00:00","eventName":"n8n.workflow.started","message":"n8n.workflow.started","payload":{"executionId":"11","workflowId":"ipTQvEEvjb2UKSSr","isManual":false,"mode":"manual","workflowName":"Newman - Juice Shop Tests","projectId":"VRkJ3QtMy9NsT7G4","projectName":"project pfa <rojectpfa@outlook.com>"}}
{"__type":"$$EventMessageConfirm","confirm":"29bacdd4-4888-425a-be3a-fb0c10e5c060","ts":"2026-08-18T16:56:52.423+00:00","source":{"id":"0","name":"eventBus"}}
{"__type":"$$EventMessageNode","id":"7643aeb6-e41b-4252-882a-a1c34dda7403","ts":"2026-08-18T16:56:52.433+00:00","eventName":"n8n.node.started","message":"n8n.node.started","payload":{"workflowId":"ipTQvEEvjb2UKSSr","workflowName":"Newman - Juice Shop Tests","executionId":"11","nodeType":"n8n-nodes-base.manualTrigger","nodeName":"When clicking ‘Execute workflow’","nodeId":"6f4bb230-c1c3-40b0-8281-c8e8d013185d"}}
{"__type":"$$EventMessageConfirm","confirm":"7643aeb6-e41b-4252-882a-a1c34dda7403","ts":"2026-08-18T16:56:52.433+00:00","source":{"id":"0","name":"eventBus"}}
{"__type":"$$EventMessageNode","id":"3886d7ba-8c02-4771-a19d-7e8a31adf83f","ts":"2026-08-18T16:56:52.433+00:00","eventName":"n8n.node.finished","message":"n8n.node.finished","payload":{"workflowId":"ipTQvEEvjb2UKSSr","workflowName":"Newman - Juice Shop Tests","executionId":"11","nodeType":"n8n-nodes-base.manualTrigger","nodeName":"When clicking ‘Execute workflow’","nodeId":"6f4bb230-c1c3-40b0-8281-c8e8d013185d"}}
{"__type":"$$EventMessageConfirm","confirm":"3886d7ba-8c02-4771-a19d-7e8a31adf83f","ts":"2026-08-18T16:56:52.433+00:00","source":{"id":"0","name":"eventBus"}}
{"__type":"$$EventMessageNode","id":"9978e815-53d5-4347-ad22-e72b6665ce47","ts":"2026-08-18T16:56:52.434+00:00","eventName":"n8n.node.started","message":"n8n.node.started","payload":{"workflowId":"ipTQvEEvjb2UKSSr","workflowName":"Newman - Juice Shop Tests","executionId":"11","nodeType":"n8n-nodes-base.executeCommand","nodeName":"Execute Command  Newman","nodeId":"0ccb398f-e181-437e-8304-1e6aec49aa9a"}}
{"__type":"$$EventMessageConfirm","confirm":"9978e815-53d5-4347-ad22-e72b6665ce47","ts":"2026-08-18T16:56:52.434+00:00","source":{"id":"0","name":"eventBus"}}
{"__type":"$$EventMessageNode","id":"e319b333-b30f-4ac2-898c-42fd59fa65d0","ts":"2026-08-18T16:56:52.446+00:00","eventName":"n8n.node.finished","message":"n8n.node.finished","payload":{"workflowId":"ipTQvEEvjb2UKSSr","workflowName":"Newman - Juice Shop Tests","executionId":"11","nodeType":"n8n-nodes-base.executeCommand","nodeName":"Execute Command  Newman","nodeId":"0ccb398f-e181-437e-8304-1e6aec49aa9a"}}
{"__type":"$$EventMessageConfirm","confirm":"e319b333-b30f-4ac2-898c-42fd59fa65d0","ts":"2026-08-18T16:56:52.446+00:00","source":{"id":"0","name":"eventBus"}}
{"__type":"$$EventMessageNode","id":"81b5e63d-f6e1-42fc-a0cc-589b2b4ac8f3","ts":"2026-08-18T16:56:52.450+00:00","eventName":"n8n.node.started","message":"n8n.node.started","payload":{"workflowId":"ipTQvEEvjb2UKSSr","workflowName":"Newman - Juice Shop Tests","executionId":"11","nodeType":"n8n-nodes-base.code","nodeName":"Json Newman","nodeId":"5235daad-32fd-4a2e-ace0-ca0816d8e4e3"}}
{"__type":"$$EventMessageConfirm","confirm":"81b5e63d-f6e1-42fc-a0cc-589b2b4ac8f3","ts":"2026-08-18T16:56:52.450+00:00","source":{"id":"0","name":"eventBus"}}
{"__type":"$$EventMessageRunner","id":"fb82710a-0512-4cf7-97a4-4bb06d46c567","ts":"2026-08-18T16:56:52.452+00:00","eventName":"n8n.runner.task.requested","message":"n8n.runner.task.requested","payload":{"taskId":"G4L2t1_r","nodeId":"5235daad-32fd-4a2e-ace0-ca0816d8e4e3","workflowId":"ipTQvEEvjb2UKSSr","executionId":"11"}}
{"__type":"$$EventMessageConfirm","confirm":"fb82710a-0512-4cf7-97a4-4bb06d46c567","ts":"2026-08-18T16:56:52.452+00:00","source":{"id":"0","name":"eventBus"}}
{"__type":"$$EventMessageRunner","id":"f1d50fcd-f421-4902-bfe6-5366daf26b13","ts":"2026-08-18T16:56:52.463+00:00","eventName":"n8n.runner.response.received","message":"n8n.runner.response.received","payload":{"taskId":"G4L2t1_r","nodeId":"5235daad-32fd-4a2e-ace0-ca0816d8e4e3","workflowId":"ipTQvEEvjb2UKSSr","executionId":"11"}}
{"__type":"$$EventMessageConfirm","confirm":"f1d50fcd-f421-4902-bfe6-5366daf26b13","ts":"2026-08-18T16:56:52.463+00:00","source":{"id":"0","name":"eventBus"}}
{"__type":"$$EventMessageNode","id":"23c33235-2c0c-41a0-b6ce-bed203ce429d","ts":"2026-08-18T16:56:52.463+00:00","eventName":"n8n.node.finished","message":"n8n.node.finished","payload":{"workflowId":"ipTQvEEvjb2UKSSr","workflowName":"Newman - Juice Shop Tests","executionId":"11","nodeType":"n8n-nodes-base.code","nodeName":"Json Newman","nodeId":"5235daad-32fd-4a2e-ace0-ca0816d8e4e3"}}
{"__type":"$$EventMessageConfirm","confirm":"23c33235-2c0c-41a0-b6ce-bed203ce429d","ts":"2026-08-18T16:56:52.464+00:00","source":{"id":"0","name":"eventBus"}}
{"__type":"$$EventMessageNode","id":"b60a3d05-037c-48d4-974d-8a023c0bde55","ts":"2026-08-18T16:56:52.465+00:00","eventName":"n8n.node.started","message":"n8n.node.started","payload":{"workflowId":"ipTQvEEvjb2UKSSr","workflowName":"Newman - Juice Shop Tests","executionId":"11","nodeType":"n8n-nodes-base.executeCommand","nodeName":"Execute Command  Cypress","nodeId":"73f65794-ee07-485a-8ce5-3c6e9b0f7188"}}
{"__type":"$$EventMessageConfirm","confirm":"b60a3d05-037c-48d4-974d-8a023c0bde55","ts":"2026-08-18T16:56:52.465+00:00","source":{"id":"0","name":"eventBus"}}
{"__type":"$$EventMessageNode","id":"a2dd280a-cbf0-4dd6-9e4b-4a5b25bb2d97","ts":"2026-08-18T16:56:52.475+00:00","eventName":"n8n.node.finished","message":"n8n.node.finished","payload":{"workflowId":"ipTQvEEvjb2UKSSr","workflowName":"Newman - Juice Shop Tests","executionId":"11","nodeType":"n8n-nodes-base.executeCommand","nodeName":"Execute Command  Cypress","nodeId":"73f65794-ee07-485a-8ce5-3c6e9b0f7188"}}
{"__type":"$$EventMessageConfirm","confirm":"a2dd280a-cbf0-4dd6-9e4b-4a5b25bb2d97","ts":"2026-08-18T16:56:52.475+00:00","source":{"id":"0","name":"eventBus"}}
{"__type":"$$EventMessageNode","id":"b7780940-1bb8-45f9-97a2-b0de7d02f4aa","ts":"2026-08-18T16:56:52.476+00:00","eventName":"n8n.node.started","message":"n8n.node.started","payload":{"workflowId":"ipTQvEEvjb2UKSSr","workflowName":"Newman - Juice Shop Tests","executionId":"11","nodeType":"n8n-nodes-base.code","nodeName":"Json Cypress","nodeId":"3d8b6114-7f38-4884-a052-98f5310d054f"}}
{"__type":"$$EventMessageConfirm","confirm":"b7780940-1bb8-45f9-97a2-b0de7d02f4aa","ts":"2026-08-18T16:56:52.476+00:00","source":{"id":"0","name":"eventBus"}}
{"__type":"$$EventMessageRunner","id":"b22abd1a-7864-44f2-8e96-f24dc3b3cc50","ts":"2026-08-18T16:56:52.479+00:00","eventName":"n8n.runner.task.requested","message":"n8n.runner.task.requested","payload":{"taskId":"TVuQ8Zr7","nodeId":"3d8b6114-7f38-4884-a052-98f5310d054f","workflowId":"ipTQvEEvjb2UKSSr","executionId":"11"}}
{"__type":"$$EventMessageConfirm","confirm":"b22abd1a-7864-44f2-8e96-f24dc3b3cc50","ts":"2026-08-18T16:56:52.479+00:00","source":{"id":"0","name":"eventBus"}}
{"__type":"$$EventMessageRunner","id":"af49d7de-adb1-4d80-a711-2a380e31b042","ts":"2026-08-18T16:56:52.486+00:00","eventName":"n8n.runner.response.received","message":"n8n.runner.response.received","payload":{"taskId":"TVuQ8Zr7","nodeId":"3d8b6114-7f38-4884-a052-98f5310d054f","workflowId":"ipTQvEEvjb2UKSSr","executionId":"11"}}
{"__type":"$$EventMessageConfirm","confirm":"af49d7de-adb1-4d80-a711-2a380e31b042","ts":"2026-08-18T16:56:52.486+00:00","source":{"id":"0","name":"eventBus"}}
{"__type":"$$EventMessageNode","id":"47f4c048-7c0b-4352-8d57-810239c193b3","ts":"2026-08-18T16:56:52.486+00:00","eventName":"n8n.node.finished","message":"n8n.node.finished","payload":{"workflowId":"ipTQvEEvjb2UKSSr","workflowName":"Newman - Juice Shop Tests","executionId":"11","nodeType":"n8n-nodes-base.code","nodeName":"Json Cypress","nodeId":"3d8b6114-7f38-4884-a052-98f5310d054f"}}
{"__type":"$$EventMessageConfirm","confirm":"47f4c048-7c0b-4352-8d57-810239c193b3","ts":"2026-08-18T16:56:52.486+00:00","source":{"id":"0","name":"eventBus"}}
{"__type":"$$EventMessageNode","id":"83c5795a-614c-41e0-82a7-0d15d0663b04","ts":"2026-08-18T16:56:52.487+00:00","eventName":"n8n.node.started","message":"n8n.node.started","payload":{"workflowId":"ipTQvEEvjb2UKSSr","workflowName":"Newman - Juice Shop Tests","executionId":"11","nodeType":"n8n-nodes-base.code","nodeName":"Results echec JSON","nodeId":"3e0fd6e7-cdbc-4098-a1a7-b09daa56b9fc"}}
{"__type":"$$EventMessageConfirm","confirm":"83c5795a-614c-41e0-82a7-0d15d0663b04","ts":"2026-08-18T16:56:52.487+00:00","source":{"id":"0","name":"eventBus"}}
{"__type":"$$EventMessageRunner","id":"06038a58-0294-4c26-8a1e-35d70e2a312d","ts":"2026-08-18T16:56:52.489+00:00","eventName":"n8n.runner.task.requested","message":"n8n.runner.task.requested","payload":{"taskId":"JqYJ7eJL","nodeId":"3e0fd6e7-cdbc-4098-a1a7-b09daa56b9fc","workflowId":"ipTQvEEvjb2UKSSr","executionId":"11"}}
{"__type":"$$EventMessageConfirm","confirm":"06038a58-0294-4c26-8a1e-35d70e2a312d","ts":"2026-08-18T16:56:52.489+00:00","source":{"id":"0","name":"eventBus"}}
{"__type":"$$EventMessageRunner","id":"6430261e-d82c-4962-a766-9a6ec4932427","ts":"2026-08-18T16:56:52.500+00:00","eventName":"n8n.runner.response.received","message":"n8n.runner.response.received","payload":{"taskId":"JqYJ7eJL","nodeId":"3e0fd6e7-cdbc-4098-a1a7-b09daa56b9fc","workflowId":"ipTQvEEvjb2UKSSr","executionId":"11"}}
{"__type":"$$EventMessageConfirm","confirm":"6430261e-d82c-4962-a766-9a6ec4932427","ts":"2026-08-18T16:56:52.500+00:00","source":{"id":"0","name":"eventBus"}}
{"__type":"$$EventMessageNode","id":"913742d0-a08b-46a4-93c1-7c992efecad7","ts":"2026-08-18T16:56:52.500+00:00","eventName":"n8n.node.finished","message":"n8n.node.finished","payload":{"workflowId":"ipTQvEEvjb2UKSSr","workflowName":"Newman - Juice Shop Tests","executionId":"11","nodeType":"n8n-nodes-base.code","nodeName":"Results echec JSON","nodeId":"3e0fd6e7-cdbc-4098-a1a7-b09daa56b9fc"}}
{"__type":"$$EventMessageConfirm","confirm":"913742d0-a08b-46a4-93c1-7c992efecad7","ts":"2026-08-18T16:56:52.500+00:00","source":{"id":"0","name":"eventBus"}}
{"__type":"$$EventMessageNode","id":"f602bb4d-7aca-4a00-afa2-cb853eabb3cc","ts":"2026-08-18T16:56:52.501+00:00","eventName":"n8n.node.started","message":"n8n.node.started","payload":{"workflowId":"ipTQvEEvjb2UKSSr","workflowName":"Newman - Juice Shop Tests","executionId":"11","nodeType":"n8n-nodes-base.if","nodeName":"If","nodeId":"f8efa516-b7dd-4c68-8d3a-c1411819c13f"}}
{"__type":"$$EventMessageConfirm","confirm":"f602bb4d-7aca-4a00-afa2-cb853eabb3cc","ts":"2026-08-18T16:56:52.501+00:00","source":{"id":"0","name":"eventBus"}}
{"__type":"$$EventMessageNode","id":"1023ace1-3542-4fd2-a853-d18f33d241b6","ts":"2026-08-18T17:56:52.533+01:00","eventName":"n8n.node.finished","message":"n8n.node.finished","payload":{"workflowId":"ipTQvEEvjb2UKSSr","workflowName":"Newman - Juice Shop Tests","executionId":"11","nodeType":"n8n-nodes-base.if","nodeName":"If","nodeId":"f8efa516-b7dd-4c68-8d3a-c1411819c13f"}}
{"__type":"$$EventMessageConfirm","confirm":"1023ace1-3542-4fd2-a853-d18f33d241b6","ts":"2026-08-18T17:56:52.533+01:00","source":{"id":"0","name":"eventBus"}}
{"__type":"$$EventMessageNode","id":"fc21084e-7e1d-45dc-bf4d-91a2d3e2867e","ts":"2026-08-18T17:56:52.533+01:00","eventName":"n8n.node.started","message":"n8n.node.started","payload":{"workflowId":"ipTQvEEvjb2UKSSr","workflowName":"Newman - Juice Shop Tests","executionId":"11","nodeType":"@n8n/n8n-nodes-langchain.googleGemini","nodeName":"Message a model","nodeId":"6c02d02f-a973-4598-a1f3-9d773f6ff14f"}}
{"__type":"$$EventMessageConfirm","confirm":"fc21084e-7e1d-45dc-bf4d-91a2d3e2867e","ts":"2026-08-18T17:56:52.534+01:00","source":{"id":"0","name":"eventBus"}}
{"__type":"$$EventMessageNode","id":"a97912ed-0357-494a-971e-5a0e38697c5d","ts":"2026-08-18T17:56:52.586+01:00","eventName":"n8n.node.finished","message":"n8n.node.finished","payload":{"workflowId":"ipTQvEEvjb2UKSSr","workflowName":"Newman - Juice Shop Tests","executionId":"11","nodeType":"@n8n/n8n-nodes-langchain.googleGemini","nodeName":"Message a model","nodeId":"6c02d02f-a973-4598-a1f3-9d773f6ff14f"}}
{"__type":"$$EventMessageConfirm","confirm":"a97912ed-0357-494a-971e-5a0e38697c5d","ts":"2026-08-18T17:56:52.586+01:00","source":{"id":"0","name":"eventBus"}}
{"__type":"$$EventMessageWorkflow","id":"9e60374a-e174-4300-920e-cab158e5b4ce","ts":"2026-08-18T17:56:52.591+01:00","eventName":"n8n.workflow.failed","message":"n8n.workflow.failed","payload":{"userId":"2934ed8e-246f-40de-b9c4-3db63c015199","executionId":"11","success":false,"isManual":true,"mode":"manual","workflowId":"ipTQvEEvjb2UKSSr","workflowName":"Newman - Juice Shop Tests","projectId":"VRkJ3QtMy9NsT7G4","projectName":"project pfa <rojectpfa@outlook.com>","lastNodeExecuted":"Message a model","errorNodeType":"@n8n/n8n-nodes-langchain.googleGemini","errorMessage":"Node does not have any credentials set"}}
{"__type":"$$EventMessageConfirm","confirm":"9e60374a-e174-4300-920e-cab158e5b4ce","ts":"2026-08-18T17:56:52.591+01:00","source":{"id":"0","name":"eventBus"}}
{"__type":"$$EventMessageAudit","id":"ea27cb64-dc4c-4358-822a-ea2db0f53d52","ts":"2026-08-18T17:58:02.038+01:00","eventName":"n8n.audit.user.credentials.created","message":"n8n.audit.user.credentials.created","payload":{"userId":"2934ed8e-246f-40de-b9c4-3db63c015199","_email":"rojectpfa@outlook.com","_firstName":"project","_lastName":"pfa","globalRole":"global:owner","credentialType":"googlePalmApi","credentialId":"4YxyPPyxygpRM4xK","publicApi":false,"projectId":"VRkJ3QtMy9NsT7G4","projectType":"personal","isDynamic":false,"usesExternalSecrets":false,"jweEnabled":false,"supportsManagedAuth":false,"usesManagedAuth":false}}
{"__type":"$$EventMessageConfirm","confirm":"ea27cb64-dc4c-4358-822a-ea2db0f53d52","ts":"2026-08-18T17:58:02.038+01:00","source":{"id":"0","name":"eventBus"}}
{"__type":"$$EventMessageAudit","id":"ecd7ae7c-69dc-4ce0-adf9-95e6a3cda00b","ts":"2026-08-18T17:58:03.644+01:00","eventName":"n8n.audit.workflow.updated","message":"n8n.audit.workflow.updated","payload":{"userId":"2934ed8e-246f-40de-b9c4-3db63c015199","_email":"rojectpfa@outlook.com","_firstName":"project","_lastName":"pfa","globalRole":"global:owner","workflowId":"ipTQvEEvjb2UKSSr","workflowName":"Newman - Juice Shop Tests"}}
{"__type":"$$EventMessageConfirm","confirm":"ecd7ae7c-69dc-4ce0-adf9-95e6a3cda00b","ts":"2026-08-18T17:58:03.644+01:00","source":{"id":"0","name":"eventBus"}}
{"__type":"$$EventMessageAudit","id":"0747663d-fd48-46ba-a26b-20da48663436","ts":"2026-08-18T17:59:35.694+01:00","eventName":"n8n.audit.workflow.executed","message":"n8n.audit.workflow.executed","payload":{"userId":"2934ed8e-246f-40de-b9c4-3db63c015199","_email":"rojectpfa@outlook.com","_firstName":"project","_lastName":"pfa","globalRole":"global:owner","workflowId":"ipTQvEEvjb2UKSSr","workflowName":"Newman - Juice Shop Tests","executionId":"12","projectId":"VRkJ3QtMy9NsT7G4","projectName":"project pfa <rojectpfa@outlook.com>","source":"user-manual"}}
{"__type":"$$EventMessageConfirm","confirm":"0747663d-fd48-46ba-a26b-20da48663436","ts":"2026-08-18T17:59:35.694+01:00","source":{"id":"0","name":"eventBus"}}
{"__type":"$$EventMessageWorkflow","id":"060b1706-0361-4e47-a2e6-22368d01f0b7","ts":"2026-08-18T17:59:35.696+01:00","eventName":"n8n.workflow.started","message":"n8n.workflow.started","payload":{"executionId":"12","workflowId":"ipTQvEEvjb2UKSSr","isManual":false,"mode":"manual","workflowName":"Newman - Juice Shop Tests","projectId":"VRkJ3QtMy9NsT7G4","projectName":"project pfa <rojectpfa@outlook.com>"}}
{"__type":"$$EventMessageConfirm","confirm":"060b1706-0361-4e47-a2e6-22368d01f0b7","ts":"2026-08-18T17:59:35.696+01:00","source":{"id":"0","name":"eventBus"}}
{"__type":"$$EventMessageNode","id":"d600d86f-fc89-4c00-96e4-77008c10bdbf","ts":"2026-08-18T17:59:35.713+01:00","eventName":"n8n.node.started","message":"n8n.node.started","payload":{"workflowId":"ipTQvEEvjb2UKSSr","workflowName":"Newman - Juice Shop Tests","executionId":"12","nodeType":"@n8n/n8n-nodes-langchain.googleGemini","nodeName":"Message a model","nodeId":"6c02d02f-a973-4598-a1f3-9d773f6ff14f"}}
{"__type":"$$EventMessageConfirm","confirm":"d600d86f-fc89-4c00-96e4-77008c10bdbf","ts":"2026-08-18T17:59:35.714+01:00","source":{"id":"0","name":"eventBus"}}
{"__type":"$$EventMessageNode","id":"b3b83434-b15c-4e59-aece-c69fe2794597","ts":"2026-08-18T17:59:46.402+01:00","eventName":"n8n.node.finished","message":"n8n.node.finished","payload":{"workflowId":"ipTQvEEvjb2UKSSr","workflowName":"Newman - Juice Shop Tests","executionId":"12","nodeType":"@n8n/n8n-nodes-langchain.googleGemini","nodeName":"Message a model","nodeId":"6c02d02f-a973-4598-a1f3-9d773f6ff14f"}}
{"__type":"$$EventMessageConfirm","confirm":"b3b83434-b15c-4e59-aece-c69fe2794597","ts":"2026-08-18T17:59:46.402+01:00","source":{"id":"0","name":"eventBus"}}
{"__type":"$$EventMessageWorkflow","id":"e460cd69-58ca-4c7e-82a0-3dbb269ecf62","ts":"2026-08-18T17:59:46.405+01:00","eventName":"n8n.workflow.success","message":"n8n.workflow.success","payload":{"userId":"2934ed8e-246f-40de-b9c4-3db63c015199","executionId":"12","success":true,"isManual":true,"mode":"manual","workflowId":"ipTQvEEvjb2UKSSr","workflowName":"Newman - Juice Shop Tests","projectId":"VRkJ3QtMy9NsT7G4","projectName":"project pfa <rojectpfa@outlook.com>"}}
{"__type":"$$EventMessageConfirm","confirm":"e460cd69-58ca-4c7e-82a0-3dbb269ecf62","ts":"2026-08-18T17:59:46.406+01:00","source":{"id":"0","name":"eventBus"}}
{"__type":"$$EventMessageAudit","id":"7a25c66b-143f-4426-b1a0-c78e613bce54","ts":"2026-08-18T17:59:52.430+01:00","eventName":"n8n.audit.workflow.executed","message":"n8n.audit.workflow.executed","payload":{"userId":"2934ed8e-246f-40de-b9c4-3db63c015199","_email":"rojectpfa@outlook.com","_firstName":"project","_lastName":"pfa","globalRole":"global:owner","workflowId":"ipTQvEEvjb2UKSSr","workflowName":"Newman - Juice Shop Tests","executionId":"13","projectId":"VRkJ3QtMy9NsT7G4","projectName":"project pfa <rojectpfa@outlook.com>","source":"user-manual"}}
{"__type":"$$EventMessageConfirm","confirm":"7a25c66b-143f-4426-b1a0-c78e613bce54","ts":"2026-08-18T17:59:52.430+01:00","source":{"id":"0","name":"eventBus"}}
{"__type":"$$EventMessageWorkflow","id":"b56a8253-931a-41d2-b7df-16119a1809eb","ts":"2026-08-18T17:59:52.431+01:00","eventName":"n8n.workflow.started","message":"n8n.workflow.started","payload":{"executionId":"13","workflowId":"ipTQvEEvjb2UKSSr","isManual":false,"mode":"manual","workflowName":"Newman - Juice Shop Tests","projectId":"VRkJ3QtMy9NsT7G4","projectName":"project pfa <rojectpfa@outlook.com>"}}
{"__type":"$$EventMessageConfirm","confirm":"b56a8253-931a-41d2-b7df-16119a1809eb","ts":"2026-08-18T17:59:52.431+01:00","source":{"id":"0","name":"eventBus"}}
{"__type":"$$EventMessageNode","id":"f2bee231-6630-42b3-bb31-9254cdc11772","ts":"2026-08-18T17:59:52.439+01:00","eventName":"n8n.node.started","message":"n8n.node.started","payload":{"workflowId":"ipTQvEEvjb2UKSSr","workflowName":"Newman - Juice Shop Tests","executionId":"13","nodeType":"n8n-nodes-base.manualTrigger","nodeName":"When clicking ‘Execute workflow’","nodeId":"6f4bb230-c1c3-40b0-8281-c8e8d013185d"}}
{"__type":"$$EventMessageConfirm","confirm":"f2bee231-6630-42b3-bb31-9254cdc11772","ts":"2026-08-18T17:59:52.439+01:00","source":{"id":"0","name":"eventBus"}}
{"__type":"$$EventMessageNode","id":"e2b6d86e-d973-41c8-bc6e-976ed8bd0a18","ts":"2026-08-18T17:59:52.440+01:00","eventName":"n8n.node.finished","message":"n8n.node.finished","payload":{"workflowId":"ipTQvEEvjb2UKSSr","workflowName":"Newman - Juice Shop Tests","executionId":"13","nodeType":"n8n-nodes-base.manualTrigger","nodeName":"When clicking ‘Execute workflow’","nodeId":"6f4bb230-c1c3-40b0-8281-c8e8d013185d"}}
{"__type":"$$EventMessageConfirm","confirm":"e2b6d86e-d973-41c8-bc6e-976ed8bd0a18","ts":"2026-08-18T17:59:52.440+01:00","source":{"id":"0","name":"eventBus"}}
{"__type":"$$EventMessageNode","id":"c0e2311c-490a-42e3-89c5-87305322a13f","ts":"2026-08-18T17:59:52.441+01:00","eventName":"n8n.node.started","message":"n8n.node.started","payload":{"workflowId":"ipTQvEEvjb2UKSSr","workflowName":"Newman - Juice Shop Tests","executionId":"13","nodeType":"n8n-nodes-base.executeCommand","nodeName":"Execute Command  Newman","nodeId":"0ccb398f-e181-437e-8304-1e6aec49aa9a"}}
{"__type":"$$EventMessageConfirm","confirm":"c0e2311c-490a-42e3-89c5-87305322a13f","ts":"2026-08-18T17:59:52.441+01:00","source":{"id":"0","name":"eventBus"}}
{"__type":"$$EventMessageNode","id":"bc8c86ca-b6ae-461a-8db0-ab822e955caa","ts":"2026-08-18T17:59:52.458+01:00","eventName":"n8n.node.finished","message":"n8n.node.finished","payload":{"workflowId":"ipTQvEEvjb2UKSSr","workflowName":"Newman - Juice Shop Tests","executionId":"13","nodeType":"n8n-nodes-base.executeCommand","nodeName":"Execute Command  Newman","nodeId":"0ccb398f-e181-437e-8304-1e6aec49aa9a"}}
{"__type":"$$EventMessageConfirm","confirm":"bc8c86ca-b6ae-461a-8db0-ab822e955caa","ts":"2026-08-18T17:59:52.458+01:00","source":{"id":"0","name":"eventBus"}}
{"__type":"$$EventMessageNode","id":"3fc35af4-f1a6-49cf-bba5-3b465c31c767","ts":"2026-08-18T17:59:52.462+01:00","eventName":"n8n.node.started","message":"n8n.node.started","payload":{"workflowId":"ipTQvEEvjb2UKSSr","workflowName":"Newman - Juice Shop Tests","executionId":"13","nodeType":"n8n-nodes-base.code","nodeName":"Json Newman","nodeId":"5235daad-32fd-4a2e-ace0-ca0816d8e4e3"}}
{"__type":"$$EventMessageConfirm","confirm":"3fc35af4-f1a6-49cf-bba5-3b465c31c767","ts":"2026-08-18T17:59:52.462+01:00","source":{"id":"0","name":"eventBus"}}
{"__type":"$$EventMessageRunner","id":"bd519cd2-be66-46fd-9fde-fd6d97b5d80b","ts":"2026-08-18T17:59:52.464+01:00","eventName":"n8n.runner.task.requested","message":"n8n.runner.task.requested","payload":{"taskId":"2_bQCsBY","nodeId":"5235daad-32fd-4a2e-ace0-ca0816d8e4e3","workflowId":"ipTQvEEvjb2UKSSr","executionId":"13"}}
{"__type":"$$EventMessageConfirm","confirm":"bd519cd2-be66-46fd-9fde-fd6d97b5d80b","ts":"2026-08-18T17:59:52.464+01:00","source":{"id":"0","name":"eventBus"}}
{"__type":"$$EventMessageRunner","id":"ab686cac-094a-400d-9a5a-7148c39438ae","ts":"2026-08-18T17:59:52.476+01:00","eventName":"n8n.runner.response.received","message":"n8n.runner.response.received","payload":{"taskId":"2_bQCsBY","nodeId":"5235daad-32fd-4a2e-ace0-ca0816d8e4e3","workflowId":"ipTQvEEvjb2UKSSr","executionId":"13"}}
{"__type":"$$EventMessageConfirm","confirm":"ab686cac-094a-400d-9a5a-7148c39438ae","ts":"2026-08-18T17:59:52.476+01:00","source":{"id":"0","name":"eventBus"}}
{"__type":"$$EventMessageNode","id":"c87b681d-96c3-424a-aa91-230ef1cf1141","ts":"2026-08-18T17:59:52.477+01:00","eventName":"n8n.node.finished","message":"n8n.node.finished","payload":{"workflowId":"ipTQvEEvjb2UKSSr","workflowName":"Newman - Juice Shop Tests","executionId":"13","nodeType":"n8n-nodes-base.code","nodeName":"Json Newman","nodeId":"5235daad-32fd-4a2e-ace0-ca0816d8e4e3"}}
{"__type":"$$EventMessageConfirm","confirm":"c87b681d-96c3-424a-aa91-230ef1cf1141","ts":"2026-08-18T17:59:52.477+01:00","source":{"id":"0","name":"eventBus"}}
{"__type":"$$EventMessageNode","id":"f6ff06df-4478-49d0-be32-579c91c9f810","ts":"2026-08-18T17:59:52.478+01:00","eventName":"n8n.node.started","message":"n8n.node.started","payload":{"workflowId":"ipTQvEEvjb2UKSSr","workflowName":"Newman - Juice Shop Tests","executionId":"13","nodeType":"n8n-nodes-base.executeCommand","nodeName":"Execute Command  Cypress","nodeId":"73f65794-ee07-485a-8ce5-3c6e9b0f7188"}}
{"__type":"$$EventMessageConfirm","confirm":"f6ff06df-4478-49d0-be32-579c91c9f810","ts":"2026-08-18T17:59:52.478+01:00","source":{"id":"0","name":"eventBus"}}
{"__type":"$$EventMessageNode","id":"e8379931-9ec3-4d3d-8dc4-570c021b96c6","ts":"2026-08-18T17:59:52.494+01:00","eventName":"n8n.node.finished","message":"n8n.node.finished","payload":{"workflowId":"ipTQvEEvjb2UKSSr","workflowName":"Newman - Juice Shop Tests","executionId":"13","nodeType":"n8n-nodes-base.executeCommand","nodeName":"Execute Command  Cypress","nodeId":"73f65794-ee07-485a-8ce5-3c6e9b0f7188"}}
{"__type":"$$EventMessageConfirm","confirm":"e8379931-9ec3-4d3d-8dc4-570c021b96c6","ts":"2026-08-18T17:59:52.494+01:00","source":{"id":"0","name":"eventBus"}}
{"__type":"$$EventMessageNode","id":"70448e4f-2fa3-4063-a4ca-80eabe6232d8","ts":"2026-08-18T17:59:52.495+01:00","eventName":"n8n.node.started","message":"n8n.node.started","payload":{"workflowId":"ipTQvEEvjb2UKSSr","workflowName":"Newman - Juice Shop Tests","executionId":"13","nodeType":"n8n-nodes-base.code","nodeName":"Json Cypress","nodeId":"3d8b6114-7f38-4884-a052-98f5310d054f"}}
{"__type":"$$EventMessageConfirm","confirm":"70448e4f-2fa3-4063-a4ca-80eabe6232d8","ts":"2026-08-18T17:59:52.495+01:00","source":{"id":"0","name":"eventBus"}}
{"__type":"$$EventMessageRunner","id":"5bf64369-3e6b-4eb1-be91-710d7b787189","ts":"2026-08-18T17:59:52.497+01:00","eventName":"n8n.runner.task.requested","message":"n8n.runner.task.requested","payload":{"taskId":"kWI-Kjdj","nodeId":"3d8b6114-7f38-4884-a052-98f5310d054f","workflowId":"ipTQvEEvjb2UKSSr","executionId":"13"}}
{"__type":"$$EventMessageConfirm","confirm":"5bf64369-3e6b-4eb1-be91-710d7b787189","ts":"2026-08-18T17:59:52.497+01:00","source":{"id":"0","name":"eventBus"}}
{"__type":"$$EventMessageRunner","id":"381cb0b1-890f-44cd-a7a5-e6ef290afb21","ts":"2026-08-18T17:59:52.503+01:00","eventName":"n8n.runner.response.received","message":"n8n.runner.response.received","payload":{"taskId":"kWI-Kjdj","nodeId":"3d8b6114-7f38-4884-a052-98f5310d054f","workflowId":"ipTQvEEvjb2UKSSr","executionId":"13"}}
{"__type":"$$EventMessageConfirm","confirm":"381cb0b1-890f-44cd-a7a5-e6ef290afb21","ts":"2026-08-18T17:59:52.503+01:00","source":{"id":"0","name":"eventBus"}}
{"__type":"$$EventMessageNode","id":"c840c476-83e3-40a2-812c-494c4ecf4cef","ts":"2026-08-18T17:59:52.503+01:00","eventName":"n8n.node.finished","message":"n8n.node.finished","payload":{"workflowId":"ipTQvEEvjb2UKSSr","workflowName":"Newman - Juice Shop Tests","executionId":"13","nodeType":"n8n-nodes-base.code","nodeName":"Json Cypress","nodeId":"3d8b6114-7f38-4884-a052-98f5310d054f"}}
{"__type":"$$EventMessageConfirm","confirm":"c840c476-83e3-40a2-812c-494c4ecf4cef","ts":"2026-08-18T17:59:52.503+01:00","source":{"id":"0","name":"eventBus"}}
{"__type":"$$EventMessageNode","id":"a810c354-d567-4cd2-88ea-ac7a878c4641","ts":"2026-08-18T17:59:52.504+01:00","eventName":"n8n.node.started","message":"n8n.node.started","payload":{"workflowId":"ipTQvEEvjb2UKSSr","workflowName":"Newman - Juice Shop Tests","executionId":"13","nodeType":"n8n-nodes-base.code","nodeName":"Results echec JSON","nodeId":"3e0fd6e7-cdbc-4098-a1a7-b09daa56b9fc"}}
{"__type":"$$EventMessageConfirm","confirm":"a810c354-d567-4cd2-88ea-ac7a878c4641","ts":"2026-08-18T17:59:52.504+01:00","source":{"id":"0","name":"eventBus"}}
{"__type":"$$EventMessageRunner","id":"02b7894e-e80c-4e6e-8dcb-933e2c6c10b3","ts":"2026-08-18T17:59:52.506+01:00","eventName":"n8n.runner.task.requested","message":"n8n.runner.task.requested","payload":{"taskId":"yWUfGF7A","nodeId":"3e0fd6e7-cdbc-4098-a1a7-b09daa56b9fc","workflowId":"ipTQvEEvjb2UKSSr","executionId":"13"}}
{"__type":"$$EventMessageConfirm","confirm":"02b7894e-e80c-4e6e-8dcb-933e2c6c10b3","ts":"2026-08-18T17:59:52.506+01:00","source":{"id":"0","name":"eventBus"}}
{"__type":"$$EventMessageRunner","id":"f8f8ad55-d70b-48ee-bd5c-fe544d2848bb","ts":"2026-08-18T17:59:52.511+01:00","eventName":"n8n.runner.response.received","message":"n8n.runner.response.received","payload":{"taskId":"yWUfGF7A","nodeId":"3e0fd6e7-cdbc-4098-a1a7-b09daa56b9fc","workflowId":"ipTQvEEvjb2UKSSr","executionId":"13"}}
{"__type":"$$EventMessageConfirm","confirm":"f8f8ad55-d70b-48ee-bd5c-fe544d2848bb","ts":"2026-08-18T17:59:52.511+01:00","source":{"id":"0","name":"eventBus"}}
{"__type":"$$EventMessageNode","id":"a3c55676-a327-4ae3-9929-d1418560339c","ts":"2026-08-18T17:59:52.512+01:00","eventName":"n8n.node.finished","message":"n8n.node.finished","payload":{"workflowId":"ipTQvEEvjb2UKSSr","workflowName":"Newman - Juice Shop Tests","executionId":"13","nodeType":"n8n-nodes-base.code","nodeName":"Results echec JSON","nodeId":"3e0fd6e7-cdbc-4098-a1a7-b09daa56b9fc"}}
{"__type":"$$EventMessageConfirm","confirm":"a3c55676-a327-4ae3-9929-d1418560339c","ts":"2026-08-18T17:59:52.512+01:00","source":{"id":"0","name":"eventBus"}}
{"__type":"$$EventMessageNode","id":"23ba0962-7110-40bd-9f0b-1c78a41956c4","ts":"2026-08-18T17:59:52.512+01:00","eventName":"n8n.node.started","message":"n8n.node.started","payload":{"workflowId":"ipTQvEEvjb2UKSSr","workflowName":"Newman - Juice Shop Tests","executionId":"13","nodeType":"n8n-nodes-base.if","nodeName":"If","nodeId":"f8efa516-b7dd-4c68-8d3a-c1411819c13f"}}
{"__type":"$$EventMessageConfirm","confirm":"23ba0962-7110-40bd-9f0b-1c78a41956c4","ts":"2026-08-18T17:59:52.513+01:00","source":{"id":"0","name":"eventBus"}}
{"__type":"$$EventMessageNode","id":"fc37e873-085e-47a3-8eda-d6e103875d46","ts":"2026-08-18T17:59:52.514+01:00","eventName":"n8n.node.finished","message":"n8n.node.finished","payload":{"workflowId":"ipTQvEEvjb2UKSSr","workflowName":"Newman - Juice Shop Tests","executionId":"13","nodeType":"n8n-nodes-base.if","nodeName":"If","nodeId":"f8efa516-b7dd-4c68-8d3a-c1411819c13f"}}
{"__type":"$$EventMessageConfirm","confirm":"fc37e873-085e-47a3-8eda-d6e103875d46","ts":"2026-08-18T17:59:52.515+01:00","source":{"id":"0","name":"eventBus"}}
{"__type":"$$EventMessageNode","id":"139de496-68ec-4965-b4ed-4903fb4133fb","ts":"2026-08-18T17:59:52.516+01:00","eventName":"n8n.node.started","message":"n8n.node.started","payload":{"workflowId":"ipTQvEEvjb2UKSSr","workflowName":"Newman - Juice Shop Tests","executionId":"13","nodeType":"@n8n/n8n-nodes-langchain.googleGemini","nodeName":"Message a model","nodeId":"6c02d02f-a973-4598-a1f3-9d773f6ff14f"}}
{"__type":"$$EventMessageConfirm","confirm":"139de496-68ec-4965-b4ed-4903fb4133fb","ts":"2026-08-18T17:59:52.516+01:00","source":{"id":"0","name":"eventBus"}}
{"__type":"$$EventMessageNode","id":"84b0f1fa-36ae-4a7b-9cb1-0e2701a174cc","ts":"2026-08-18T18:00:20.762+01:00","eventName":"n8n.node.finished","message":"n8n.node.finished","payload":{"workflowId":"ipTQvEEvjb2UKSSr","workflowName":"Newman - Juice Shop Tests","executionId":"13","nodeType":"@n8n/n8n-nodes-langchain.googleGemini","nodeName":"Message a model","nodeId":"6c02d02f-a973-4598-a1f3-9d773f6ff14f"}}
{"__type":"$$EventMessageConfirm","confirm":"84b0f1fa-36ae-4a7b-9cb1-0e2701a174cc","ts":"2026-08-18T18:00:20.762+01:00","source":{"id":"0","name":"eventBus"}}
{"__type":"$$EventMessageWorkflow","id":"37781d4f-7389-4549-9652-2b560ecaa7fd","ts":"2026-08-18T18:00:20.766+01:00","eventName":"n8n.workflow.failed","message":"n8n.workflow.failed","payload":{"userId":"2934ed8e-246f-40de-b9c4-3db63c015199","executionId":"13","success":false,"isManual":true,"mode":"manual","workflowId":"ipTQvEEvjb2UKSSr","workflowName":"Newman - Juice Shop Tests","projectId":"VRkJ3QtMy9NsT7G4","projectName":"project pfa <rojectpfa@outlook.com>","lastNodeExecuted":"Message a model","errorNodeType":"@n8n/n8n-nodes-langchain.googleGemini","errorMessage":"Service unavailable - try again later or consider setting this node to retry automatically (in the node settings)"}}
{"__type":"$$EventMessageConfirm","confirm":"37781d4f-7389-4549-9652-2b560ecaa7fd","ts":"2026-08-18T18:00:20.766+01:00","source":{"id":"0","name":"eventBus"}}
{"__type":"$$EventMessageAudit","id":"8ce2335b-8988-4f1e-8a3f-e020252bfcd2","ts":"2026-08-18T18:00:50.487+01:00","eventName":"n8n.audit.workflow.executed","message":"n8n.audit.workflow.executed","payload":{"userId":"2934ed8e-246f-40de-b9c4-3db63c015199","_email":"rojectpfa@outlook.com","_firstName":"project","_lastName":"pfa","globalRole":"global:owner","workflowId":"ipTQvEEvjb2UKSSr","workflowName":"Newman - Juice Shop Tests","executionId":"14","projectId":"VRkJ3QtMy9NsT7G4","projectName":"project pfa <rojectpfa@outlook.com>","source":"user-manual"}}
{"__type":"$$EventMessageConfirm","confirm":"8ce2335b-8988-4f1e-8a3f-e020252bfcd2","ts":"2026-08-18T18:00:50.487+01:00","source":{"id":"0","name":"eventBus"}}
{"__type":"$$EventMessageWorkflow","id":"b81db24b-2661-4b0f-bc65-e825fa8d88f6","ts":"2026-08-18T18:00:50.488+01:00","eventName":"n8n.workflow.started","message":"n8n.workflow.started","payload":{"executionId":"14","workflowId":"ipTQvEEvjb2UKSSr","isManual":false,"mode":"manual","workflowName":"Newman - Juice Shop Tests","projectId":"VRkJ3QtMy9NsT7G4","projectName":"project pfa <rojectpfa@outlook.com>"}}
{"__type":"$$EventMessageConfirm","confirm":"b81db24b-2661-4b0f-bc65-e825fa8d88f6","ts":"2026-08-18T18:00:50.488+01:00","source":{"id":"0","name":"eventBus"}}
{"__type":"$$EventMessageNode","id":"c1d7142b-57b6-4f4b-9fea-2d07f7303d25","ts":"2026-08-18T18:00:50.506+01:00","eventName":"n8n.node.started","message":"n8n.node.started","payload":{"workflowId":"ipTQvEEvjb2UKSSr","workflowName":"Newman - Juice Shop Tests","executionId":"14","nodeType":"@n8n/n8n-nodes-langchain.googleGemini","nodeName":"Message a model","nodeId":"6c02d02f-a973-4598-a1f3-9d773f6ff14f"}}
{"__type":"$$EventMessageConfirm","confirm":"c1d7142b-57b6-4f4b-9fea-2d07f7303d25","ts":"2026-08-18T18:00:50.506+01:00","source":{"id":"0","name":"eventBus"}}
{"__type":"$$EventMessageNode","id":"d7b576d1-67d3-43e0-9513-9762e9d7acd4","ts":"2026-08-18T18:00:51.256+01:00","eventName":"n8n.node.finished","message":"n8n.node.finished","payload":{"workflowId":"ipTQvEEvjb2UKSSr","workflowName":"Newman - Juice Shop Tests","executionId":"14","nodeType":"@n8n/n8n-nodes-langchain.googleGemini","nodeName":"Message a model","nodeId":"6c02d02f-a973-4598-a1f3-9d773f6ff14f"}}
{"__type":"$$EventMessageConfirm","confirm":"d7b576d1-67d3-43e0-9513-9762e9d7acd4","ts":"2026-08-18T18:00:51.257+01:00","source":{"id":"0","name":"eventBus"}}
{"__type":"$$EventMessageWorkflow","id":"e944d445-70d7-4a06-a0df-69424a06ae35","ts":"2026-08-18T18:00:51.261+01:00","eventName":"n8n.workflow.failed","message":"n8n.workflow.failed","payload":{"userId":"2934ed8e-246f-40de-b9c4-3db63c015199","executionId":"14","success":false,"isManual":true,"mode":"manual","workflowId":"ipTQvEEvjb2UKSSr","workflowName":"Newman - Juice Shop Tests","projectId":"VRkJ3QtMy9NsT7G4","projectName":"project pfa <rojectpfa@outlook.com>","lastNodeExecuted":"Message a model","errorNodeType":"@n8n/n8n-nodes-langchain.googleGemini","errorMessage":"Service unavailable - try again later or consider setting this node to retry automatically (in the node settings)"}}
{"__type":"$$EventMessageConfirm","confirm":"e944d445-70d7-4a06-a0df-69424a06ae35","ts":"2026-08-18T18:00:51.261+01:00","source":{"id":"0","name":"eventBus"}}
{"__type":"$$EventMessageAudit","id":"54c7603e-8b60-4e91-b463-9d5209881ab9","ts":"2026-08-18T18:00:59.150+01:00","eventName":"n8n.audit.workflow.updated","message":"n8n.audit.workflow.updated","payload":{"userId":"2934ed8e-246f-40de-b9c4-3db63c015199","_email":"rojectpfa@outlook.com","_firstName":"project","_lastName":"pfa","globalRole":"global:owner","workflowId":"ipTQvEEvjb2UKSSr","workflowName":"Newman - Juice Shop Tests"}}
{"__type":"$$EventMessageConfirm","confirm":"54c7603e-8b60-4e91-b463-9d5209881ab9","ts":"2026-08-18T18:00:59.150+01:00","source":{"id":"0","name":"eventBus"}}
{"__type":"$$EventMessageAudit","id":"e1fa6f6e-2636-4073-b0bb-2ce03f5083f3","ts":"2026-08-18T18:01:13.914+01:00","eventName":"n8n.audit.workflow.updated","message":"n8n.audit.workflow.updated","payload":{"userId":"2934ed8e-246f-40de-b9c4-3db63c015199","_email":"rojectpfa@outlook.com","_firstName":"project","_lastName":"pfa","globalRole":"global:owner","workflowId":"ipTQvEEvjb2UKSSr","workflowName":"Newman - Juice Shop Tests"}}
{"__type":"$$EventMessageConfirm","confirm":"e1fa6f6e-2636-4073-b0bb-2ce03f5083f3","ts":"2026-08-18T18:01:13.915+01:00","source":{"id":"0","name":"eventBus"}}
{"__type":"$$EventMessageAudit","id":"b27e9ee5-aeef-4abd-8c56-52455879e54d","ts":"2026-08-18T18:01:13.987+01:00","eventName":"n8n.audit.workflow.executed","message":"n8n.audit.workflow.executed","payload":{"userId":"2934ed8e-246f-40de-b9c4-3db63c015199","_email":"rojectpfa@outlook.com","_firstName":"project","_lastName":"pfa","globalRole":"global:owner","workflowId":"ipTQvEEvjb2UKSSr","workflowName":"Newman - Juice Shop Tests","executionId":"15","projectId":"VRkJ3QtMy9NsT7G4","projectName":"project pfa <rojectpfa@outlook.com>","source":"user-manual"}}
{"__type":"$$EventMessageConfirm","confirm":"b27e9ee5-aeef-4abd-8c56-52455879e54d","ts":"2026-08-18T18:01:13.987+01:00","source":{"id":"0","name":"eventBus"}}
{"__type":"$$EventMessageWorkflow","id":"bd4e64f1-3017-4a8a-9b04-bf0377aed5e1","ts":"2026-08-18T18:01:13.988+01:00","eventName":"n8n.workflow.started","message":"n8n.workflow.started","payload":{"executionId":"15","workflowId":"ipTQvEEvjb2UKSSr","isManual":false,"mode":"manual","workflowName":"Newman - Juice Shop Tests","projectId":"VRkJ3QtMy9NsT7G4","projectName":"project pfa <rojectpfa@outlook.com>"}}
{"__type":"$$EventMessageConfirm","confirm":"bd4e64f1-3017-4a8a-9b04-bf0377aed5e1","ts":"2026-08-18T18:01:13.988+01:00","source":{"id":"0","name":"eventBus"}}
{"__type":"$$EventMessageNode","id":"71b7884a-95d6-406c-a78d-45e6503f2e28","ts":"2026-08-18T18:01:14.005+01:00","eventName":"n8n.node.started","message":"n8n.node.started","payload":{"workflowId":"ipTQvEEvjb2UKSSr","workflowName":"Newman - Juice Shop Tests","executionId":"15","nodeType":"@n8n/n8n-nodes-langchain.googleGemini","nodeName":"Message a model","nodeId":"6c02d02f-a973-4598-a1f3-9d773f6ff14f"}}
{"__type":"$$EventMessageConfirm","confirm":"71b7884a-95d6-406c-a78d-45e6503f2e28","ts":"2026-08-18T18:01:14.006+01:00","source":{"id":"0","name":"eventBus"}}
{"__type":"$$EventMessageNode","id":"05bccb97-327c-4d65-8a7a-17650307f60c","ts":"2026-08-18T18:01:17.658+01:00","eventName":"n8n.node.finished","message":"n8n.node.finished","payload":{"workflowId":"ipTQvEEvjb2UKSSr","workflowName":"Newman - Juice Shop Tests","executionId":"15","nodeType":"@n8n/n8n-nodes-langchain.googleGemini","nodeName":"Message a model","nodeId":"6c02d02f-a973-4598-a1f3-9d773f6ff14f"}}
{"__type":"$$EventMessageConfirm","confirm":"05bccb97-327c-4d65-8a7a-17650307f60c","ts":"2026-08-18T18:01:17.658+01:00","source":{"id":"0","name":"eventBus"}}
{"__type":"$$EventMessageWorkflow","id":"08925bfe-105a-4412-a370-3916c6877b39","ts":"2026-08-18T18:01:17.661+01:00","eventName":"n8n.workflow.failed","message":"n8n.workflow.failed","payload":{"userId":"2934ed8e-246f-40de-b9c4-3db63c015199","executionId":"15","success":false,"isManual":true,"mode":"manual","workflowId":"ipTQvEEvjb2UKSSr","workflowName":"Newman - Juice Shop Tests","projectId":"VRkJ3QtMy9NsT7G4","projectName":"project pfa <rojectpfa@outlook.com>","lastNodeExecuted":"Message a model","errorNodeType":"@n8n/n8n-nodes-langchain.googleGemini","errorMessage":"Service unavailable - try again later or consider setting this node to retry automatically (in the node settings)"}}
{"__type":"$$EventMessageConfirm","confirm":"08925bfe-105a-4412-a370-3916c6877b39","ts":"2026-08-18T18:01:17.661+01:00","source":{"id":"0","name":"eventBus"}}
{"__type":"$$EventMessageAudit","id":"c2f28744-81f5-4855-89e6-0bcf06c34a28","ts":"2026-08-18T18:01:27.123+01:00","eventName":"n8n.audit.workflow.updated","message":"n8n.audit.workflow.updated","payload":{"userId":"2934ed8e-246f-40de-b9c4-3db63c015199","_email":"rojectpfa@outlook.com","_firstName":"project","_lastName":"pfa","globalRole":"global:owner","workflowId":"ipTQvEEvjb2UKSSr","workflowName":"Newman - Juice Shop Tests"}}
{"__type":"$$EventMessageConfirm","confirm":"c2f28744-81f5-4855-89e6-0bcf06c34a28","ts":"2026-08-18T18:01:27.123+01:00","source":{"id":"0","name":"eventBus"}}
{"__type":"$$EventMessageAudit","id":"7cb2f6ff-0c93-4c3b-9b9e-6340dceb5cdd","ts":"2026-08-18T18:01:54.193+01:00","eventName":"n8n.audit.workflow.executed","message":"n8n.audit.workflow.executed","payload":{"userId":"2934ed8e-246f-40de-b9c4-3db63c015199","_email":"rojectpfa@outlook.com","_firstName":"project","_lastName":"pfa","globalRole":"global:owner","workflowId":"ipTQvEEvjb2UKSSr","workflowName":"Newman - Juice Shop Tests","executionId":"16","projectId":"VRkJ3QtMy9NsT7G4","projectName":"project pfa <rojectpfa@outlook.com>","source":"user-manual"}}
{"__type":"$$EventMessageConfirm","confirm":"7cb2f6ff-0c93-4c3b-9b9e-6340dceb5cdd","ts":"2026-08-18T18:01:54.193+01:00","source":{"id":"0","name":"eventBus"}}
{"__type":"$$EventMessageWorkflow","id":"c89e32fa-cd66-4419-9e6c-a8897b6f38f0","ts":"2026-08-18T18:01:54.194+01:00","eventName":"n8n.workflow.started","message":"n8n.workflow.started","payload":{"executionId":"16","workflowId":"ipTQvEEvjb2UKSSr","isManual":false,"mode":"manual","workflowName":"Newman - Juice Shop Tests","projectId":"VRkJ3QtMy9NsT7G4","projectName":"project pfa <rojectpfa@outlook.com>"}}
{"__type":"$$EventMessageConfirm","confirm":"c89e32fa-cd66-4419-9e6c-a8897b6f38f0","ts":"2026-08-18T18:01:54.194+01:00","source":{"id":"0","name":"eventBus"}}
{"__type":"$$EventMessageNode","id":"454f0287-5a2d-419f-b923-7cddade50055","ts":"2026-08-18T18:01:54.208+01:00","eventName":"n8n.node.started","message":"n8n.node.started","payload":{"workflowId":"ipTQvEEvjb2UKSSr","workflowName":"Newman - Juice Shop Tests","executionId":"16","nodeType":"@n8n/n8n-nodes-langchain.googleGemini","nodeName":"Message a model","nodeId":"6c02d02f-a973-4598-a1f3-9d773f6ff14f"}}
{"__type":"$$EventMessageConfirm","confirm":"454f0287-5a2d-419f-b923-7cddade50055","ts":"2026-08-18T18:01:54.209+01:00","source":{"id":"0","name":"eventBus"}}
{"__type":"$$EventMessageNode","id":"360c3bae-937a-4ad0-a87b-043b3dc63d68","ts":"2026-08-18T18:01:54.538+01:00","eventName":"n8n.node.finished","message":"n8n.node.finished","payload":{"workflowId":"ipTQvEEvjb2UKSSr","workflowName":"Newman - Juice Shop Tests","executionId":"16","nodeType":"@n8n/n8n-nodes-langchain.googleGemini","nodeName":"Message a model","nodeId":"6c02d02f-a973-4598-a1f3-9d773f6ff14f"}}
{"__type":"$$EventMessageConfirm","confirm":"360c3bae-937a-4ad0-a87b-043b3dc63d68","ts":"2026-08-18T18:01:54.539+01:00","source":{"id":"0","name":"eventBus"}}
{"__type":"$$EventMessageWorkflow","id":"bec634a9-dfa6-4b90-ba78-42183fb46157","ts":"2026-08-18T18:01:54.542+01:00","eventName":"n8n.workflow.failed","message":"n8n.workflow.failed","payload":{"userId":"2934ed8e-246f-40de-b9c4-3db63c015199","executionId":"16","success":false,"isManual":true,"mode":"manual","workflowId":"ipTQvEEvjb2UKSSr","workflowName":"Newman - Juice Shop Tests","projectId":"VRkJ3QtMy9NsT7G4","projectName":"project pfa <rojectpfa@outlook.com>","lastNodeExecuted":"Message a model","errorNodeType":"@n8n/n8n-nodes-langchain.googleGemini","errorMessage":"The resource you are requesting could not be found"}}
{"__type":"$$EventMessageConfirm","confirm":"bec634a9-dfa6-4b90-ba78-42183fb46157","ts":"2026-08-18T18:01:54.542+01:00","source":{"id":"0","name":"eventBus"}}
{"__type":"$$EventMessageAudit","id":"b5043116-9424-4074-827a-771d0cd66e62","ts":"2026-08-18T18:02:05.407+01:00","eventName":"n8n.audit.workflow.updated","message":"n8n.audit.workflow.updated","payload":{"userId":"2934ed8e-246f-40de-b9c4-3db63c015199","_email":"rojectpfa@outlook.com","_firstName":"project","_lastName":"pfa","globalRole":"global:owner","workflowId":"ipTQvEEvjb2UKSSr","workflowName":"Newman - Juice Shop Tests"}}
{"__type":"$$EventMessageConfirm","confirm":"b5043116-9424-4074-827a-771d0cd66e62","ts":"2026-08-18T18:02:05.407+01:00","source":{"id":"0","name":"eventBus"}}
{"__type":"$$EventMessageAudit","id":"695437ea-b0c6-418a-a1c2-2280e39dffb4","ts":"2026-08-18T18:02:05.487+01:00","eventName":"n8n.audit.workflow.executed","message":"n8n.audit.workflow.executed","payload":{"userId":"2934ed8e-246f-40de-b9c4-3db63c015199","_email":"rojectpfa@outlook.com","_firstName":"project","_lastName":"pfa","globalRole":"global:owner","workflowId":"ipTQvEEvjb2UKSSr","workflowName":"Newman - Juice Shop Tests","executionId":"17","projectId":"VRkJ3QtMy9NsT7G4","projectName":"project pfa <rojectpfa@outlook.com>","source":"user-manual"}}
{"__type":"$$EventMessageConfirm","confirm":"695437ea-b0c6-418a-a1c2-2280e39dffb4","ts":"2026-08-18T18:02:05.487+01:00","source":{"id":"0","name":"eventBus"}}
{"__type":"$$EventMessageWorkflow","id":"6ce9a8fc-9338-4f21-8d76-05d2f145d4c7","ts":"2026-08-18T18:02:05.489+01:00","eventName":"n8n.workflow.started","message":"n8n.workflow.started","payload":{"executionId":"17","workflowId":"ipTQvEEvjb2UKSSr","isManual":false,"mode":"manual","workflowName":"Newman - Juice Shop Tests","projectId":"VRkJ3QtMy9NsT7G4","projectName":"project pfa <rojectpfa@outlook.com>"}}
{"__type":"$$EventMessageConfirm","confirm":"6ce9a8fc-9338-4f21-8d76-05d2f145d4c7","ts":"2026-08-18T18:02:05.489+01:00","source":{"id":"0","name":"eventBus"}}
{"__type":"$$EventMessageNode","id":"0714f5ce-20f4-4eaa-9cb2-894fa29334f7","ts":"2026-08-18T18:02:05.506+01:00","eventName":"n8n.node.started","message":"n8n.node.started","payload":{"workflowId":"ipTQvEEvjb2UKSSr","workflowName":"Newman - Juice Shop Tests","executionId":"17","nodeType":"@n8n/n8n-nodes-langchain.googleGemini","nodeName":"Message a model","nodeId":"6c02d02f-a973-4598-a1f3-9d773f6ff14f"}}
{"__type":"$$EventMessageConfirm","confirm":"0714f5ce-20f4-4eaa-9cb2-894fa29334f7","ts":"2026-08-18T18:02:05.506+01:00","source":{"id":"0","name":"eventBus"}}
{"__type":"$$EventMessageNode","id":"2ffae251-bf97-480c-84fd-03be0cb7fb89","ts":"2026-08-18T18:02:12.771+01:00","eventName":"n8n.node.finished","message":"n8n.node.finished","payload":{"workflowId":"ipTQvEEvjb2UKSSr","workflowName":"Newman - Juice Shop Tests","executionId":"17","nodeType":"@n8n/n8n-nodes-langchain.googleGemini","nodeName":"Message a model","nodeId":"6c02d02f-a973-4598-a1f3-9d773f6ff14f"}}
{"__type":"$$EventMessageConfirm","confirm":"2ffae251-bf97-480c-84fd-03be0cb7fb89","ts":"2026-08-18T18:02:12.771+01:00","source":{"id":"0","name":"eventBus"}}
{"__type":"$$EventMessageWorkflow","id":"0feaf4e8-8386-46e7-a7f5-b34f7971120e","ts":"2026-08-18T18:02:12.774+01:00","eventName":"n8n.workflow.success","message":"n8n.workflow.success","payload":{"userId":"2934ed8e-246f-40de-b9c4-3db63c015199","executionId":"17","success":true,"isManual":true,"mode":"manual","workflowId":"ipTQvEEvjb2UKSSr","workflowName":"Newman - Juice Shop Tests","projectId":"VRkJ3QtMy9NsT7G4","projectName":"project pfa <rojectpfa@outlook.com>"}}
{"__type":"$$EventMessageConfirm","confirm":"0feaf4e8-8386-46e7-a7f5-b34f7971120e","ts":"2026-08-18T18:02:12.774+01:00","source":{"id":"0","name":"eventBus"}}
{"__type":"$$EventMessageAudit","id":"5bb30868-d97f-4348-a8c8-fd6e99d99c98","ts":"2026-08-18T18:02:17.440+01:00","eventName":"n8n.audit.workflow.executed","message":"n8n.audit.workflow.executed","payload":{"userId":"2934ed8e-246f-40de-b9c4-3db63c015199","_email":"rojectpfa@outlook.com","_firstName":"project","_lastName":"pfa","globalRole":"global:owner","workflowId":"ipTQvEEvjb2UKSSr","workflowName":"Newman - Juice Shop Tests","executionId":"18","projectId":"VRkJ3QtMy9NsT7G4","projectName":"project pfa <rojectpfa@outlook.com>","source":"user-manual"}}
{"__type":"$$EventMessageConfirm","confirm":"5bb30868-d97f-4348-a8c8-fd6e99d99c98","ts":"2026-08-18T18:02:17.440+01:00","source":{"id":"0","name":"eventBus"}}
{"__type":"$$EventMessageWorkflow","id":"55ab0368-6a0a-48a2-b1d0-dca3251b7928","ts":"2026-08-18T18:02:17.441+01:00","eventName":"n8n.workflow.started","message":"n8n.workflow.started","payload":{"executionId":"18","workflowId":"ipTQvEEvjb2UKSSr","isManual":false,"mode":"manual","workflowName":"Newman - Juice Shop Tests","projectId":"VRkJ3QtMy9NsT7G4","projectName":"project pfa <rojectpfa@outlook.com>"}}
{"__type":"$$EventMessageConfirm","confirm":"55ab0368-6a0a-48a2-b1d0-dca3251b7928","ts":"2026-08-18T18:02:17.441+01:00","source":{"id":"0","name":"eventBus"}}
{"__type":"$$EventMessageNode","id":"69484093-fcb6-421c-8739-578f117552f1","ts":"2026-08-18T18:02:17.456+01:00","eventName":"n8n.node.started","message":"n8n.node.started","payload":{"workflowId":"ipTQvEEvjb2UKSSr","workflowName":"Newman - Juice Shop Tests","executionId":"18","nodeType":"n8n-nodes-base.discord","nodeName":"Discord","nodeId":"b4d3f54b-2c74-4bf2-a9e8-840ef5c16556"}}
{"__type":"$$EventMessageConfirm","confirm":"69484093-fcb6-421c-8739-578f117552f1","ts":"2026-08-18T18:02:17.456+01:00","source":{"id":"0","name":"eventBus"}}
{"__type":"$$EventMessageNode","id":"5a95aa97-a4f1-4918-a664-a791be7ae2e2","ts":"2026-08-18T18:02:17.474+01:00","eventName":"n8n.node.finished","message":"n8n.node.finished","payload":{"workflowId":"ipTQvEEvjb2UKSSr","workflowName":"Newman - Juice Shop Tests","executionId":"18","nodeType":"n8n-nodes-base.discord","nodeName":"Discord","nodeId":"b4d3f54b-2c74-4bf2-a9e8-840ef5c16556"}}
{"__type":"$$EventMessageConfirm","confirm":"5a95aa97-a4f1-4918-a664-a791be7ae2e2","ts":"2026-08-18T18:02:17.474+01:00","source":{"id":"0","name":"eventBus"}}
{"__type":"$$EventMessageWorkflow","id":"607f3bcd-dfd9-4908-939e-7d35a9e1d991","ts":"2026-08-18T18:02:17.477+01:00","eventName":"n8n.workflow.failed","message":"n8n.workflow.failed","payload":{"userId":"2934ed8e-246f-40de-b9c4-3db63c015199","executionId":"18","success":false,"isManual":true,"mode":"manual","workflowId":"ipTQvEEvjb2UKSSr","workflowName":"Newman - Juice Shop Tests","projectId":"VRkJ3QtMy9NsT7G4","projectName":"project pfa <rojectpfa@outlook.com>","lastNodeExecuted":"Discord","errorNodeType":"n8n-nodes-base.discord","errorMessage":"Node does not require credentials"}}
{"__type":"$$EventMessageConfirm","confirm":"607f3bcd-dfd9-4908-939e-7d35a9e1d991","ts":"2026-08-18T18:02:17.477+01:00","source":{"id":"0","name":"eventBus"}}
{"__type":"$$EventMessageAudit","id":"5611f8f4-929a-400d-9373-610b3420bce6","ts":"2026-08-18T18:02:41.461+01:00","eventName":"n8n.audit.user.credentials.created","message":"n8n.audit.user.credentials.created","payload":{"userId":"2934ed8e-246f-40de-b9c4-3db63c015199","_email":"rojectpfa@outlook.com","_firstName":"project","_lastName":"pfa","globalRole":"global:owner","credentialType":"discordWebhookApi","credentialId":"wO1KrToPg2ItTDSm","publicApi":false,"projectId":"VRkJ3QtMy9NsT7G4","projectType":"personal","isDynamic":false,"usesExternalSecrets":false,"jweEnabled":false,"supportsManagedAuth":false,"usesManagedAuth":false}}
{"__type":"$$EventMessageConfirm","confirm":"5611f8f4-929a-400d-9373-610b3420bce6","ts":"2026-08-18T18:02:41.462+01:00","source":{"id":"0","name":"eventBus"}}
{"__type":"$$EventMessageAudit","id":"a96f71e7-abc6-4a67-8b5f-e2665c00cc9b","ts":"2026-08-18T18:02:43.081+01:00","eventName":"n8n.audit.workflow.updated","message":"n8n.audit.workflow.updated","payload":{"userId":"2934ed8e-246f-40de-b9c4-3db63c015199","_email":"rojectpfa@outlook.com","_firstName":"project","_lastName":"pfa","globalRole":"global:owner","workflowId":"ipTQvEEvjb2UKSSr","workflowName":"Newman - Juice Shop Tests"}}
{"__type":"$$EventMessageConfirm","confirm":"a96f71e7-abc6-4a67-8b5f-e2665c00cc9b","ts":"2026-08-18T18:02:43.081+01:00","source":{"id":"0","name":"eventBus"}}
{"__type":"$$EventMessageAudit","id":"657a21a4-b127-4e55-9484-34660d57ad5a","ts":"2026-08-18T18:02:44.826+01:00","eventName":"n8n.audit.workflow.executed","message":"n8n.audit.workflow.executed","payload":{"userId":"2934ed8e-246f-40de-b9c4-3db63c015199","_email":"rojectpfa@outlook.com","_firstName":"project","_lastName":"pfa","globalRole":"global:owner","workflowId":"ipTQvEEvjb2UKSSr","workflowName":"Newman - Juice Shop Tests","executionId":"19","projectId":"VRkJ3QtMy9NsT7G4","projectName":"project pfa <rojectpfa@outlook.com>","source":"user-manual"}}
{"__type":"$$EventMessageConfirm","confirm":"657a21a4-b127-4e55-9484-34660d57ad5a","ts":"2026-08-18T18:02:44.826+01:00","source":{"id":"0","name":"eventBus"}}
{"__type":"$$EventMessageWorkflow","id":"4b88353b-77b7-48e0-89ca-1309abdfbceb","ts":"2026-08-18T18:02:44.827+01:00","eventName":"n8n.workflow.started","message":"n8n.workflow.started","payload":{"executionId":"19","workflowId":"ipTQvEEvjb2UKSSr","isManual":false,"mode":"manual","workflowName":"Newman - Juice Shop Tests","projectId":"VRkJ3QtMy9NsT7G4","projectName":"project pfa <rojectpfa@outlook.com>"}}
{"__type":"$$EventMessageConfirm","confirm":"4b88353b-77b7-48e0-89ca-1309abdfbceb","ts":"2026-08-18T18:02:44.827+01:00","source":{"id":"0","name":"eventBus"}}
{"__type":"$$EventMessageNode","id":"c2c968ca-86c2-40e6-a1dc-6087e797ff9a","ts":"2026-08-18T18:02:44.842+01:00","eventName":"n8n.node.started","message":"n8n.node.started","payload":{"workflowId":"ipTQvEEvjb2UKSSr","workflowName":"Newman - Juice Shop Tests","executionId":"19","nodeType":"n8n-nodes-base.discord","nodeName":"Discord","nodeId":"b4d3f54b-2c74-4bf2-a9e8-840ef5c16556"}}
{"__type":"$$EventMessageConfirm","confirm":"c2c968ca-86c2-40e6-a1dc-6087e797ff9a","ts":"2026-08-18T18:02:44.842+01:00","source":{"id":"0","name":"eventBus"}}
{"__type":"$$EventMessageNode","id":"6065c3b0-4649-4430-ac11-a0d643dd0905","ts":"2026-08-18T18:02:45.665+01:00","eventName":"n8n.node.finished","message":"n8n.node.finished","payload":{"workflowId":"ipTQvEEvjb2UKSSr","workflowName":"Newman - Juice Shop Tests","executionId":"19","nodeType":"n8n-nodes-base.discord","nodeName":"Discord","nodeId":"b4d3f54b-2c74-4bf2-a9e8-840ef5c16556"}}
{"__type":"$$EventMessageConfirm","confirm":"6065c3b0-4649-4430-ac11-a0d643dd0905","ts":"2026-08-18T18:02:45.665+01:00","source":{"id":"0","name":"eventBus"}}
{"__type":"$$EventMessageWorkflow","id":"5fac3e00-f1d9-41c8-a43e-9bd19c189b3b","ts":"2026-08-18T18:02:45.668+01:00","eventName":"n8n.workflow.success","message":"n8n.workflow.success","payload":{"userId":"2934ed8e-246f-40de-b9c4-3db63c015199","executionId":"19","success":true,"isManual":true,"mode":"manual","workflowId":"ipTQvEEvjb2UKSSr","workflowName":"Newman - Juice Shop Tests","projectId":"VRkJ3QtMy9NsT7G4","projectName":"project pfa <rojectpfa@outlook.com>"}}
{"__type":"$$EventMessageConfirm","confirm":"5fac3e00-f1d9-41c8-a43e-9bd19c189b3b","ts":"2026-08-18T18:02:45.668+01:00","source":{"id":"0","name":"eventBus"}}
{"__type":"$$EventMessageAudit","id":"57f199e7-0e7f-45f2-9998-f30fe7708de0","ts":"2026-08-18T18:03:16.327+01:00","eventName":"n8n.audit.workflow.executed","message":"n8n.audit.workflow.executed","payload":{"userId":"2934ed8e-246f-40de-b9c4-3db63c015199","_email":"rojectpfa@outlook.com","_firstName":"project","_lastName":"pfa","globalRole":"global:owner","workflowId":"ipTQvEEvjb2UKSSr","workflowName":"Newman - Juice Shop Tests","executionId":"20","projectId":"VRkJ3QtMy9NsT7G4","projectName":"project pfa <rojectpfa@outlook.com>","source":"user-manual"}}
{"__type":"$$EventMessageConfirm","confirm":"57f199e7-0e7f-45f2-9998-f30fe7708de0","ts":"2026-08-18T18:03:16.327+01:00","source":{"id":"0","name":"eventBus"}}
{"__type":"$$EventMessageWorkflow","id":"a349943e-5076-4c70-a308-ee1c131733f2","ts":"2026-08-18T18:03:16.328+01:00","eventName":"n8n.workflow.started","message":"n8n.workflow.started","payload":{"executionId":"20","workflowId":"ipTQvEEvjb2UKSSr","isManual":false,"mode":"manual","workflowName":"Newman - Juice Shop Tests","projectId":"VRkJ3QtMy9NsT7G4","projectName":"project pfa <rojectpfa@outlook.com>"}}
{"__type":"$$EventMessageConfirm","confirm":"a349943e-5076-4c70-a308-ee1c131733f2","ts":"2026-08-18T18:03:16.328+01:00","source":{"id":"0","name":"eventBus"}}
{"__type":"$$EventMessageNode","id":"ccbe33ab-2b48-4583-8132-e3fc2830882e","ts":"2026-08-18T18:03:16.342+01:00","eventName":"n8n.node.started","message":"n8n.node.started","payload":{"workflowId":"ipTQvEEvjb2UKSSr","workflowName":"Newman - Juice Shop Tests","executionId":"20","nodeType":"n8n-nodes-base.manualTrigger","nodeName":"When clicking ‘Execute workflow’","nodeId":"6f4bb230-c1c3-40b0-8281-c8e8d013185d"}}
{"__type":"$$EventMessageConfirm","confirm":"ccbe33ab-2b48-4583-8132-e3fc2830882e","ts":"2026-08-18T18:03:16.343+01:00","source":{"id":"0","name":"eventBus"}}
{"__type":"$$EventMessageNode","id":"2e5d8041-f490-45fe-b28a-9ca85bfb21ed","ts":"2026-08-18T18:03:16.344+01:00","eventName":"n8n.node.finished","message":"n8n.node.finished","payload":{"workflowId":"ipTQvEEvjb2UKSSr","workflowName":"Newman - Juice Shop Tests","executionId":"20","nodeType":"n8n-nodes-base.manualTrigger","nodeName":"When clicking ‘Execute workflow’","nodeId":"6f4bb230-c1c3-40b0-8281-c8e8d013185d"}}
{"__type":"$$EventMessageConfirm","confirm":"2e5d8041-f490-45fe-b28a-9ca85bfb21ed","ts":"2026-08-18T18:03:16.344+01:00","source":{"id":"0","name":"eventBus"}}
{"__type":"$$EventMessageNode","id":"cfdc9e8e-bf7b-42b7-a3a6-7961ae9e2180","ts":"2026-08-18T18:03:16.345+01:00","eventName":"n8n.node.started","message":"n8n.node.started","payload":{"workflowId":"ipTQvEEvjb2UKSSr","workflowName":"Newman - Juice Shop Tests","executionId":"20","nodeType":"n8n-nodes-base.executeCommand","nodeName":"Execute Command  Newman","nodeId":"0ccb398f-e181-437e-8304-1e6aec49aa9a"}}
{"__type":"$$EventMessageConfirm","confirm":"cfdc9e8e-bf7b-42b7-a3a6-7961ae9e2180","ts":"2026-08-18T18:03:16.345+01:00","source":{"id":"0","name":"eventBus"}}
{"__type":"$$EventMessageNode","id":"f1d38184-9186-44fb-a15f-0890b8fc99c1","ts":"2026-08-18T18:03:16.362+01:00","eventName":"n8n.node.finished","message":"n8n.node.finished","payload":{"workflowId":"ipTQvEEvjb2UKSSr","workflowName":"Newman - Juice Shop Tests","executionId":"20","nodeType":"n8n-nodes-base.executeCommand","nodeName":"Execute Command  Newman","nodeId":"0ccb398f-e181-437e-8304-1e6aec49aa9a"}}
{"__type":"$$EventMessageConfirm","confirm":"f1d38184-9186-44fb-a15f-0890b8fc99c1","ts":"2026-08-18T18:03:16.362+01:00","source":{"id":"0","name":"eventBus"}}
{"__type":"$$EventMessageNode","id":"3194bf20-485e-4c7c-996c-c8d9b5e287da","ts":"2026-08-18T18:03:16.365+01:00","eventName":"n8n.node.started","message":"n8n.node.started","payload":{"workflowId":"ipTQvEEvjb2UKSSr","workflowName":"Newman - Juice Shop Tests","executionId":"20","nodeType":"n8n-nodes-base.code","nodeName":"Json Newman","nodeId":"5235daad-32fd-4a2e-ace0-ca0816d8e4e3"}}
{"__type":"$$EventMessageConfirm","confirm":"3194bf20-485e-4c7c-996c-c8d9b5e287da","ts":"2026-08-18T18:03:16.365+01:00","source":{"id":"0","name":"eventBus"}}
{"__type":"$$EventMessageRunner","id":"5c77cdc5-d78f-418c-9d93-43dcbe2b330c","ts":"2026-08-18T18:03:16.367+01:00","eventName":"n8n.runner.task.requested","message":"n8n.runner.task.requested","payload":{"taskId":"ZT2cpAF5","nodeId":"5235daad-32fd-4a2e-ace0-ca0816d8e4e3","workflowId":"ipTQvEEvjb2UKSSr","executionId":"20"}}
{"__type":"$$EventMessageConfirm","confirm":"5c77cdc5-d78f-418c-9d93-43dcbe2b330c","ts":"2026-08-18T18:03:16.367+01:00","source":{"id":"0","name":"eventBus"}}
{"__type":"$$EventMessageRunner","id":"23452b6f-09e5-4311-95ca-31ea39092d60","ts":"2026-08-18T18:03:16.378+01:00","eventName":"n8n.runner.response.received","message":"n8n.runner.response.received","payload":{"taskId":"ZT2cpAF5","nodeId":"5235daad-32fd-4a2e-ace0-ca0816d8e4e3","workflowId":"ipTQvEEvjb2UKSSr","executionId":"20"}}
{"__type":"$$EventMessageConfirm","confirm":"23452b6f-09e5-4311-95ca-31ea39092d60","ts":"2026-08-18T18:03:16.378+01:00","source":{"id":"0","name":"eventBus"}}
{"__type":"$$EventMessageNode","id":"2826fb20-9f99-4424-9efd-a4c2de221ffa","ts":"2026-08-18T18:03:16.378+01:00","eventName":"n8n.node.finished","message":"n8n.node.finished","payload":{"workflowId":"ipTQvEEvjb2UKSSr","workflowName":"Newman - Juice Shop Tests","executionId":"20","nodeType":"n8n-nodes-base.code","nodeName":"Json Newman","nodeId":"5235daad-32fd-4a2e-ace0-ca0816d8e4e3"}}
{"__type":"$$EventMessageConfirm","confirm":"2826fb20-9f99-4424-9efd-a4c2de221ffa","ts":"2026-08-18T18:03:16.378+01:00","source":{"id":"0","name":"eventBus"}}
{"__type":"$$EventMessageNode","id":"597be3c2-5b35-4e5e-af2b-8b39afe9c06e","ts":"2026-08-18T18:03:16.379+01:00","eventName":"n8n.node.started","message":"n8n.node.started","payload":{"workflowId":"ipTQvEEvjb2UKSSr","workflowName":"Newman - Juice Shop Tests","executionId":"20","nodeType":"n8n-nodes-base.executeCommand","nodeName":"Execute Command  Cypress","nodeId":"73f65794-ee07-485a-8ce5-3c6e9b0f7188"}}
{"__type":"$$EventMessageConfirm","confirm":"597be3c2-5b35-4e5e-af2b-8b39afe9c06e","ts":"2026-08-18T18:03:16.380+01:00","source":{"id":"0","name":"eventBus"}}
{"__type":"$$EventMessageNode","id":"ee27c4ac-f8b2-4311-b26d-2b585091b430","ts":"2026-08-18T18:03:16.391+01:00","eventName":"n8n.node.finished","message":"n8n.node.finished","payload":{"workflowId":"ipTQvEEvjb2UKSSr","workflowName":"Newman - Juice Shop Tests","executionId":"20","nodeType":"n8n-nodes-base.executeCommand","nodeName":"Execute Command  Cypress","nodeId":"73f65794-ee07-485a-8ce5-3c6e9b0f7188"}}
{"__type":"$$EventMessageConfirm","confirm":"ee27c4ac-f8b2-4311-b26d-2b585091b430","ts":"2026-08-18T18:03:16.391+01:00","source":{"id":"0","name":"eventBus"}}
{"__type":"$$EventMessageNode","id":"afd8e348-b1e6-47cb-91e9-65c442a0ba00","ts":"2026-08-18T18:03:16.392+01:00","eventName":"n8n.node.started","message":"n8n.node.started","payload":{"workflowId":"ipTQvEEvjb2UKSSr","workflowName":"Newman - Juice Shop Tests","executionId":"20","nodeType":"n8n-nodes-base.code","nodeName":"Json Cypress","nodeId":"3d8b6114-7f38-4884-a052-98f5310d054f"}}
{"__type":"$$EventMessageConfirm","confirm":"afd8e348-b1e6-47cb-91e9-65c442a0ba00","ts":"2026-08-18T18:03:16.392+01:00","source":{"id":"0","name":"eventBus"}}
{"__type":"$$EventMessageRunner","id":"9ddb1a2b-cdae-4628-9db7-107fa0fd2f1e","ts":"2026-08-18T18:03:16.395+01:00","eventName":"n8n.runner.task.requested","message":"n8n.runner.task.requested","payload":{"taskId":"XZbr5BNG","nodeId":"3d8b6114-7f38-4884-a052-98f5310d054f","workflowId":"ipTQvEEvjb2UKSSr","executionId":"20"}}
{"__type":"$$EventMessageConfirm","confirm":"9ddb1a2b-cdae-4628-9db7-107fa0fd2f1e","ts":"2026-08-18T18:03:16.395+01:00","source":{"id":"0","name":"eventBus"}}
{"__type":"$$EventMessageRunner","id":"bf88bf5f-2d09-4123-ac20-a8b086bbb5b4","ts":"2026-08-18T18:03:16.402+01:00","eventName":"n8n.runner.response.received","message":"n8n.runner.response.received","payload":{"taskId":"XZbr5BNG","nodeId":"3d8b6114-7f38-4884-a052-98f5310d054f","workflowId":"ipTQvEEvjb2UKSSr","executionId":"20"}}
{"__type":"$$EventMessageConfirm","confirm":"bf88bf5f-2d09-4123-ac20-a8b086bbb5b4","ts":"2026-08-18T18:03:16.402+01:00","source":{"id":"0","name":"eventBus"}}
{"__type":"$$EventMessageNode","id":"495239c0-bca6-4c78-b6d9-9bf6b5a97962","ts":"2026-08-18T18:03:16.402+01:00","eventName":"n8n.node.finished","message":"n8n.node.finished","payload":{"workflowId":"ipTQvEEvjb2UKSSr","workflowName":"Newman - Juice Shop Tests","executionId":"20","nodeType":"n8n-nodes-base.code","nodeName":"Json Cypress","nodeId":"3d8b6114-7f38-4884-a052-98f5310d054f"}}
{"__type":"$$EventMessageConfirm","confirm":"495239c0-bca6-4c78-b6d9-9bf6b5a97962","ts":"2026-08-18T18:03:16.402+01:00","source":{"id":"0","name":"eventBus"}}
{"__type":"$$EventMessageNode","id":"0e4c0ebe-d10f-48dd-8d5f-97c7d9430827","ts":"2026-08-18T18:03:16.403+01:00","eventName":"n8n.node.started","message":"n8n.node.started","payload":{"workflowId":"ipTQvEEvjb2UKSSr","workflowName":"Newman - Juice Shop Tests","executionId":"20","nodeType":"n8n-nodes-base.code","nodeName":"Results echec JSON","nodeId":"3e0fd6e7-cdbc-4098-a1a7-b09daa56b9fc"}}
{"__type":"$$EventMessageConfirm","confirm":"0e4c0ebe-d10f-48dd-8d5f-97c7d9430827","ts":"2026-08-18T18:03:16.403+01:00","source":{"id":"0","name":"eventBus"}}
{"__type":"$$EventMessageRunner","id":"26bf51f9-161a-4bd3-8c53-19e0182c7863","ts":"2026-08-18T18:03:16.405+01:00","eventName":"n8n.runner.task.requested","message":"n8n.runner.task.requested","payload":{"taskId":"C7NugUHV","nodeId":"3e0fd6e7-cdbc-4098-a1a7-b09daa56b9fc","workflowId":"ipTQvEEvjb2UKSSr","executionId":"20"}}
{"__type":"$$EventMessageConfirm","confirm":"26bf51f9-161a-4bd3-8c53-19e0182c7863","ts":"2026-08-18T18:03:16.405+01:00","source":{"id":"0","name":"eventBus"}}
{"__type":"$$EventMessageRunner","id":"49510abb-27be-44a0-a84e-b57dd11a1775","ts":"2026-08-18T18:03:16.413+01:00","eventName":"n8n.runner.response.received","message":"n8n.runner.response.received","payload":{"taskId":"C7NugUHV","nodeId":"3e0fd6e7-cdbc-4098-a1a7-b09daa56b9fc","workflowId":"ipTQvEEvjb2UKSSr","executionId":"20"}}
{"__type":"$$EventMessageConfirm","confirm":"49510abb-27be-44a0-a84e-b57dd11a1775","ts":"2026-08-18T18:03:16.413+01:00","source":{"id":"0","name":"eventBus"}}
{"__type":"$$EventMessageNode","id":"13dd2f3c-a2fc-4bca-a166-5592bdda1fea","ts":"2026-08-18T18:03:16.414+01:00","eventName":"n8n.node.finished","message":"n8n.node.finished","payload":{"workflowId":"ipTQvEEvjb2UKSSr","workflowName":"Newman - Juice Shop Tests","executionId":"20","nodeType":"n8n-nodes-base.code","nodeName":"Results echec JSON","nodeId":"3e0fd6e7-cdbc-4098-a1a7-b09daa56b9fc"}}
{"__type":"$$EventMessageConfirm","confirm":"13dd2f3c-a2fc-4bca-a166-5592bdda1fea","ts":"2026-08-18T18:03:16.414+01:00","source":{"id":"0","name":"eventBus"}}
{"__type":"$$EventMessageNode","id":"e95276d8-323c-4fcc-8ff7-dc2175b96c2d","ts":"2026-08-18T18:03:16.415+01:00","eventName":"n8n.node.started","message":"n8n.node.started","payload":{"workflowId":"ipTQvEEvjb2UKSSr","workflowName":"Newman - Juice Shop Tests","executionId":"20","nodeType":"n8n-nodes-base.if","nodeName":"If","nodeId":"f8efa516-b7dd-4c68-8d3a-c1411819c13f"}}
{"__type":"$$EventMessageConfirm","confirm":"e95276d8-323c-4fcc-8ff7-dc2175b96c2d","ts":"2026-08-18T18:03:16.415+01:00","source":{"id":"0","name":"eventBus"}}
{"__type":"$$EventMessageNode","id":"49ade43f-e9d4-4a67-b7ad-3514f9032041","ts":"2026-08-18T18:03:16.416+01:00","eventName":"n8n.node.finished","message":"n8n.node.finished","payload":{"workflowId":"ipTQvEEvjb2UKSSr","workflowName":"Newman - Juice Shop Tests","executionId":"20","nodeType":"n8n-nodes-base.if","nodeName":"If","nodeId":"f8efa516-b7dd-4c68-8d3a-c1411819c13f"}}
{"__type":"$$EventMessageConfirm","confirm":"49ade43f-e9d4-4a67-b7ad-3514f9032041","ts":"2026-08-18T18:03:16.416+01:00","source":{"id":"0","name":"eventBus"}}
{"__type":"$$EventMessageNode","id":"05d8ce4a-ab77-4d59-b00b-65c972cacdee","ts":"2026-08-18T18:03:16.417+01:00","eventName":"n8n.node.started","message":"n8n.node.started","payload":{"workflowId":"ipTQvEEvjb2UKSSr","workflowName":"Newman - Juice Shop Tests","executionId":"20","nodeType":"@n8n/n8n-nodes-langchain.googleGemini","nodeName":"Message a model","nodeId":"6c02d02f-a973-4598-a1f3-9d773f6ff14f"}}
{"__type":"$$EventMessageConfirm","confirm":"05d8ce4a-ab77-4d59-b00b-65c972cacdee","ts":"2026-08-18T18:03:16.417+01:00","source":{"id":"0","name":"eventBus"}}
{"__type":"$$EventMessageNode","id":"b86a8d78-4c45-498c-9d47-4889781afb68","ts":"2026-08-18T18:03:22.131+01:00","eventName":"n8n.node.finished","message":"n8n.node.finished","payload":{"workflowId":"ipTQvEEvjb2UKSSr","workflowName":"Newman - Juice Shop Tests","executionId":"20","nodeType":"@n8n/n8n-nodes-langchain.googleGemini","nodeName":"Message a model","nodeId":"6c02d02f-a973-4598-a1f3-9d773f6ff14f"}}
{"__type":"$$EventMessageConfirm","confirm":"b86a8d78-4c45-498c-9d47-4889781afb68","ts":"2026-08-18T18:03:22.131+01:00","source":{"id":"0","name":"eventBus"}}
{"__type":"$$EventMessageNode","id":"80d4a326-6539-4832-ba45-012f47485989","ts":"2026-08-18T18:03:22.132+01:00","eventName":"n8n.node.started","message":"n8n.node.started","payload":{"workflowId":"ipTQvEEvjb2UKSSr","workflowName":"Newman - Juice Shop Tests","executionId":"20","nodeType":"n8n-nodes-base.discord","nodeName":"Discord","nodeId":"b4d3f54b-2c74-4bf2-a9e8-840ef5c16556"}}
{"__type":"$$EventMessageConfirm","confirm":"80d4a326-6539-4832-ba45-012f47485989","ts":"2026-08-18T18:03:22.132+01:00","source":{"id":"0","name":"eventBus"}}
{"__type":"$$EventMessageNode","id":"37a5360b-5a4b-4ec1-85a7-111b2ed52d82","ts":"2026-08-18T18:03:22.777+01:00","eventName":"n8n.node.finished","message":"n8n.node.finished","payload":{"workflowId":"ipTQvEEvjb2UKSSr","workflowName":"Newman - Juice Shop Tests","executionId":"20","nodeType":"n8n-nodes-base.discord","nodeName":"Discord","nodeId":"b4d3f54b-2c74-4bf2-a9e8-840ef5c16556"}}
{"__type":"$$EventMessageConfirm","confirm":"37a5360b-5a4b-4ec1-85a7-111b2ed52d82","ts":"2026-08-18T18:03:22.777+01:00","source":{"id":"0","name":"eventBus"}}
{"__type":"$$EventMessageWorkflow","id":"747dc22e-d410-4691-9414-4722ce3ec8dc","ts":"2026-08-18T18:03:22.780+01:00","eventName":"n8n.workflow.success","message":"n8n.workflow.success","payload":{"userId":"2934ed8e-246f-40de-b9c4-3db63c015199","executionId":"20","success":true,"isManual":true,"mode":"manual","workflowId":"ipTQvEEvjb2UKSSr","workflowName":"Newman - Juice Shop Tests","projectId":"VRkJ3QtMy9NsT7G4","projectName":"project pfa <rojectpfa@outlook.com>"}}
{"__type":"$$EventMessageConfirm","confirm":"747dc22e-d410-4691-9414-4722ce3ec8dc","ts":"2026-08-18T18:03:22.780+01:00","source":{"id":"0","name":"eventBus"}}
{"__type":"$$EventMessageAudit","id":"f0a19172-20ea-481a-8acd-38faaa2f99c8","ts":"2026-08-18T18:04:19.194+01:00","eventName":"n8n.audit.workflow.executed","message":"n8n.audit.workflow.executed","payload":{"userId":"2934ed8e-246f-40de-b9c4-3db63c015199","_email":"rojectpfa@outlook.com","_firstName":"project","_lastName":"pfa","globalRole":"global:owner","workflowId":"ipTQvEEvjb2UKSSr","workflowName":"Newman - Juice Shop Tests","executionId":"21","projectId":"VRkJ3QtMy9NsT7G4","projectName":"project pfa <rojectpfa@outlook.com>","source":"user-manual"}}
{"__type":"$$EventMessageConfirm","confirm":"f0a19172-20ea-481a-8acd-38faaa2f99c8","ts":"2026-08-18T18:04:19.194+01:00","source":{"id":"0","name":"eventBus"}}
{"__type":"$$EventMessageWorkflow","id":"dcedfd69-b4b6-45b0-b9d4-d5ad9177afa8","ts":"2026-08-18T18:04:19.195+01:00","eventName":"n8n.workflow.started","message":"n8n.workflow.started","payload":{"executionId":"21","workflowId":"ipTQvEEvjb2UKSSr","isManual":false,"mode":"manual","workflowName":"Newman - Juice Shop Tests","projectId":"VRkJ3QtMy9NsT7G4","projectName":"project pfa <rojectpfa@outlook.com>"}}
{"__type":"$$EventMessageConfirm","confirm":"dcedfd69-b4b6-45b0-b9d4-d5ad9177afa8","ts":"2026-08-18T18:04:19.195+01:00","source":{"id":"0","name":"eventBus"}}
{"__type":"$$EventMessageNode","id":"e40de4a6-be55-4b8e-8b83-49ba8a71542a","ts":"2026-08-18T18:04:19.204+01:00","eventName":"n8n.node.started","message":"n8n.node.started","payload":{"workflowId":"ipTQvEEvjb2UKSSr","workflowName":"Newman - Juice Shop Tests","executionId":"21","nodeType":"n8n-nodes-base.manualTrigger","nodeName":"When clicking ‘Execute workflow’","nodeId":"6f4bb230-c1c3-40b0-8281-c8e8d013185d"}}
{"__type":"$$EventMessageConfirm","confirm":"e40de4a6-be55-4b8e-8b83-49ba8a71542a","ts":"2026-08-18T18:04:19.205+01:00","source":{"id":"0","name":"eventBus"}}
{"__type":"$$EventMessageNode","id":"7df53038-f666-4592-ba81-b26be93e71f1","ts":"2026-08-18T18:04:19.205+01:00","eventName":"n8n.node.finished","message":"n8n.node.finished","payload":{"workflowId":"ipTQvEEvjb2UKSSr","workflowName":"Newman - Juice Shop Tests","executionId":"21","nodeType":"n8n-nodes-base.manualTrigger","nodeName":"When clicking ‘Execute workflow’","nodeId":"6f4bb230-c1c3-40b0-8281-c8e8d013185d"}}
{"__type":"$$EventMessageConfirm","confirm":"7df53038-f666-4592-ba81-b26be93e71f1","ts":"2026-08-18T18:04:19.205+01:00","source":{"id":"0","name":"eventBus"}}
{"__type":"$$EventMessageNode","id":"228bb273-d1df-4207-b075-f4050aca15ef","ts":"2026-08-18T18:04:19.206+01:00","eventName":"n8n.node.started","message":"n8n.node.started","payload":{"workflowId":"ipTQvEEvjb2UKSSr","workflowName":"Newman - Juice Shop Tests","executionId":"21","nodeType":"n8n-nodes-base.executeCommand","nodeName":"Execute Command  Newman","nodeId":"0ccb398f-e181-437e-8304-1e6aec49aa9a"}}
{"__type":"$$EventMessageConfirm","confirm":"228bb273-d1df-4207-b075-f4050aca15ef","ts":"2026-08-18T18:04:19.206+01:00","source":{"id":"0","name":"eventBus"}}
{"__type":"$$EventMessageNode","id":"7ad66fae-6be7-4caf-be8d-29d5727c1fea","ts":"2026-08-18T18:04:19.223+01:00","eventName":"n8n.node.finished","message":"n8n.node.finished","payload":{"workflowId":"ipTQvEEvjb2UKSSr","workflowName":"Newman - Juice Shop Tests","executionId":"21","nodeType":"n8n-nodes-base.executeCommand","nodeName":"Execute Command  Newman","nodeId":"0ccb398f-e181-437e-8304-1e6aec49aa9a"}}
{"__type":"$$EventMessageConfirm","confirm":"7ad66fae-6be7-4caf-be8d-29d5727c1fea","ts":"2026-08-18T18:04:19.223+01:00","source":{"id":"0","name":"eventBus"}}
{"__type":"$$EventMessageNode","id":"2fb2cefd-a273-4c6d-b406-44a9d988de36","ts":"2026-08-18T18:04:19.226+01:00","eventName":"n8n.node.started","message":"n8n.node.started","payload":{"workflowId":"ipTQvEEvjb2UKSSr","workflowName":"Newman - Juice Shop Tests","executionId":"21","nodeType":"n8n-nodes-base.code","nodeName":"Json Newman","nodeId":"5235daad-32fd-4a2e-ace0-ca0816d8e4e3"}}
{"__type":"$$EventMessageConfirm","confirm":"2fb2cefd-a273-4c6d-b406-44a9d988de36","ts":"2026-08-18T18:04:19.226+01:00","source":{"id":"0","name":"eventBus"}}
{"__type":"$$EventMessageRunner","id":"12850647-640e-4060-be0c-0549218e6e21","ts":"2026-08-18T18:04:19.228+01:00","eventName":"n8n.runner.task.requested","message":"n8n.runner.task.requested","payload":{"taskId":"KJUGpsJR","nodeId":"5235daad-32fd-4a2e-ace0-ca0816d8e4e3","workflowId":"ipTQvEEvjb2UKSSr","executionId":"21"}}
{"__type":"$$EventMessageConfirm","confirm":"12850647-640e-4060-be0c-0549218e6e21","ts":"2026-08-18T18:04:19.228+01:00","source":{"id":"0","name":"eventBus"}}
{"__type":"$$EventMessageRunner","id":"0c231f99-95e0-4d20-8f3c-1d1f9c62e37a","ts":"2026-08-18T18:04:19.237+01:00","eventName":"n8n.runner.response.received","message":"n8n.runner.response.received","payload":{"taskId":"KJUGpsJR","nodeId":"5235daad-32fd-4a2e-ace0-ca0816d8e4e3","workflowId":"ipTQvEEvjb2UKSSr","executionId":"21"}}
{"__type":"$$EventMessageConfirm","confirm":"0c231f99-95e0-4d20-8f3c-1d1f9c62e37a","ts":"2026-08-18T18:04:19.237+01:00","source":{"id":"0","name":"eventBus"}}
{"__type":"$$EventMessageNode","id":"b061b766-b5ce-4e0d-a132-4a7c39a8b5ad","ts":"2026-08-18T18:04:19.238+01:00","eventName":"n8n.node.finished","message":"n8n.node.finished","payload":{"workflowId":"ipTQvEEvjb2UKSSr","workflowName":"Newman - Juice Shop Tests","executionId":"21","nodeType":"n8n-nodes-base.code","nodeName":"Json Newman","nodeId":"5235daad-32fd-4a2e-ace0-ca0816d8e4e3"}}
{"__type":"$$EventMessageConfirm","confirm":"b061b766-b5ce-4e0d-a132-4a7c39a8b5ad","ts":"2026-08-18T18:04:19.238+01:00","source":{"id":"0","name":"eventBus"}}
{"__type":"$$EventMessageNode","id":"0983c508-9252-4e54-91cf-f7226d230243","ts":"2026-08-18T18:04:19.239+01:00","eventName":"n8n.node.started","message":"n8n.node.started","payload":{"workflowId":"ipTQvEEvjb2UKSSr","workflowName":"Newman - Juice Shop Tests","executionId":"21","nodeType":"n8n-nodes-base.executeCommand","nodeName":"Execute Command  Cypress","nodeId":"73f65794-ee07-485a-8ce5-3c6e9b0f7188"}}
{"__type":"$$EventMessageConfirm","confirm":"0983c508-9252-4e54-91cf-f7226d230243","ts":"2026-08-18T18:04:19.239+01:00","source":{"id":"0","name":"eventBus"}}
{"__type":"$$EventMessageNode","id":"91390b65-2ae5-44a5-8410-67674ccce8ef","ts":"2026-08-18T18:04:19.248+01:00","eventName":"n8n.node.finished","message":"n8n.node.finished","payload":{"workflowId":"ipTQvEEvjb2UKSSr","workflowName":"Newman - Juice Shop Tests","executionId":"21","nodeType":"n8n-nodes-base.executeCommand","nodeName":"Execute Command  Cypress","nodeId":"73f65794-ee07-485a-8ce5-3c6e9b0f7188"}}
{"__type":"$$EventMessageConfirm","confirm":"91390b65-2ae5-44a5-8410-67674ccce8ef","ts":"2026-08-18T18:04:19.248+01:00","source":{"id":"0","name":"eventBus"}}
{"__type":"$$EventMessageNode","id":"3b29a0f9-ce8a-43cc-bf5c-f7c439f5f68e","ts":"2026-08-18T18:04:19.249+01:00","eventName":"n8n.node.started","message":"n8n.node.started","payload":{"workflowId":"ipTQvEEvjb2UKSSr","workflowName":"Newman - Juice Shop Tests","executionId":"21","nodeType":"n8n-nodes-base.code","nodeName":"Json Cypress","nodeId":"3d8b6114-7f38-4884-a052-98f5310d054f"}}
{"__type":"$$EventMessageConfirm","confirm":"3b29a0f9-ce8a-43cc-bf5c-f7c439f5f68e","ts":"2026-08-18T18:04:19.249+01:00","source":{"id":"0","name":"eventBus"}}
{"__type":"$$EventMessageRunner","id":"6a502d1e-d276-4715-b90f-f36fe393c598","ts":"2026-08-18T18:04:19.252+01:00","eventName":"n8n.runner.task.requested","message":"n8n.runner.task.requested","payload":{"taskId":"FKNrK1Pi","nodeId":"3d8b6114-7f38-4884-a052-98f5310d054f","workflowId":"ipTQvEEvjb2UKSSr","executionId":"21"}}
{"__type":"$$EventMessageConfirm","confirm":"6a502d1e-d276-4715-b90f-f36fe393c598","ts":"2026-08-18T18:04:19.252+01:00","source":{"id":"0","name":"eventBus"}}
{"__type":"$$EventMessageRunner","id":"aba1edd6-16da-4d9d-8a60-c38e1e770cb9","ts":"2026-08-18T18:04:19.257+01:00","eventName":"n8n.runner.response.received","message":"n8n.runner.response.received","payload":{"taskId":"FKNrK1Pi","nodeId":"3d8b6114-7f38-4884-a052-98f5310d054f","workflowId":"ipTQvEEvjb2UKSSr","executionId":"21"}}
{"__type":"$$EventMessageConfirm","confirm":"aba1edd6-16da-4d9d-8a60-c38e1e770cb9","ts":"2026-08-18T18:04:19.258+01:00","source":{"id":"0","name":"eventBus"}}
{"__type":"$$EventMessageNode","id":"7d740c26-b0ed-4e19-9cfb-ad5c21c0dce8","ts":"2026-08-18T18:04:19.258+01:00","eventName":"n8n.node.finished","message":"n8n.node.finished","payload":{"workflowId":"ipTQvEEvjb2UKSSr","workflowName":"Newman - Juice Shop Tests","executionId":"21","nodeType":"n8n-nodes-base.code","nodeName":"Json Cypress","nodeId":"3d8b6114-7f38-4884-a052-98f5310d054f"}}
{"__type":"$$EventMessageConfirm","confirm":"7d740c26-b0ed-4e19-9cfb-ad5c21c0dce8","ts":"2026-08-18T18:04:19.258+01:00","source":{"id":"0","name":"eventBus"}}
{"__type":"$$EventMessageNode","id":"321d23c7-4b3d-4397-8c1a-5156a7b53d2e","ts":"2026-08-18T18:04:19.259+01:00","eventName":"n8n.node.started","message":"n8n.node.started","payload":{"workflowId":"ipTQvEEvjb2UKSSr","workflowName":"Newman - Juice Shop Tests","executionId":"21","nodeType":"n8n-nodes-base.code","nodeName":"Results echec JSON","nodeId":"3e0fd6e7-cdbc-4098-a1a7-b09daa56b9fc"}}
{"__type":"$$EventMessageConfirm","confirm":"321d23c7-4b3d-4397-8c1a-5156a7b53d2e","ts":"2026-08-18T18:04:19.259+01:00","source":{"id":"0","name":"eventBus"}}
{"__type":"$$EventMessageRunner","id":"27c4e4e5-a7c5-4b79-9f0c-d029d7219b04","ts":"2026-08-18T18:04:19.261+01:00","eventName":"n8n.runner.task.requested","message":"n8n.runner.task.requested","payload":{"taskId":"Txac-K8x","nodeId":"3e0fd6e7-cdbc-4098-a1a7-b09daa56b9fc","workflowId":"ipTQvEEvjb2UKSSr","executionId":"21"}}
{"__type":"$$EventMessageConfirm","confirm":"27c4e4e5-a7c5-4b79-9f0c-d029d7219b04","ts":"2026-08-18T18:04:19.261+01:00","source":{"id":"0","name":"eventBus"}}
{"__type":"$$EventMessageRunner","id":"7fac61b2-b0b1-4e1a-a4f3-b11831bffc39","ts":"2026-08-18T18:04:19.267+01:00","eventName":"n8n.runner.response.received","message":"n8n.runner.response.received","payload":{"taskId":"Txac-K8x","nodeId":"3e0fd6e7-cdbc-4098-a1a7-b09daa56b9fc","workflowId":"ipTQvEEvjb2UKSSr","executionId":"21"}}
{"__type":"$$EventMessageConfirm","confirm":"7fac61b2-b0b1-4e1a-a4f3-b11831bffc39","ts":"2026-08-18T18:04:19.267+01:00","source":{"id":"0","name":"eventBus"}}
{"__type":"$$EventMessageNode","id":"301735dd-a19f-4b87-96b9-4e1fc1c85c2c","ts":"2026-08-18T18:04:19.267+01:00","eventName":"n8n.node.finished","message":"n8n.node.finished","payload":{"workflowId":"ipTQvEEvjb2UKSSr","workflowName":"Newman - Juice Shop Tests","executionId":"21","nodeType":"n8n-nodes-base.code","nodeName":"Results echec JSON","nodeId":"3e0fd6e7-cdbc-4098-a1a7-b09daa56b9fc"}}
{"__type":"$$EventMessageConfirm","confirm":"301735dd-a19f-4b87-96b9-4e1fc1c85c2c","ts":"2026-08-18T18:04:19.267+01:00","source":{"id":"0","name":"eventBus"}}
{"__type":"$$EventMessageNode","id":"8b8b709a-ed42-415f-bbf2-f61f847b7887","ts":"2026-08-18T18:04:19.268+01:00","eventName":"n8n.node.started","message":"n8n.node.started","payload":{"workflowId":"ipTQvEEvjb2UKSSr","workflowName":"Newman - Juice Shop Tests","executionId":"21","nodeType":"n8n-nodes-base.if","nodeName":"If","nodeId":"f8efa516-b7dd-4c68-8d3a-c1411819c13f"}}
{"__type":"$$EventMessageConfirm","confirm":"8b8b709a-ed42-415f-bbf2-f61f847b7887","ts":"2026-08-18T18:04:19.268+01:00","source":{"id":"0","name":"eventBus"}}
{"__type":"$$EventMessageNode","id":"d223a087-4d37-4847-9374-398776090910","ts":"2026-08-18T18:04:19.269+01:00","eventName":"n8n.node.finished","message":"n8n.node.finished","payload":{"workflowId":"ipTQvEEvjb2UKSSr","workflowName":"Newman - Juice Shop Tests","executionId":"21","nodeType":"n8n-nodes-base.if","nodeName":"If","nodeId":"f8efa516-b7dd-4c68-8d3a-c1411819c13f"}}
{"__type":"$$EventMessageConfirm","confirm":"d223a087-4d37-4847-9374-398776090910","ts":"2026-08-18T18:04:19.269+01:00","source":{"id":"0","name":"eventBus"}}
{"__type":"$$EventMessageNode","id":"a545ac8f-24b0-4a55-b463-7e11c52c8070","ts":"2026-08-18T18:04:19.270+01:00","eventName":"n8n.node.started","message":"n8n.node.started","payload":{"workflowId":"ipTQvEEvjb2UKSSr","workflowName":"Newman - Juice Shop Tests","executionId":"21","nodeType":"@n8n/n8n-nodes-langchain.googleGemini","nodeName":"Message a model","nodeId":"6c02d02f-a973-4598-a1f3-9d773f6ff14f"}}
{"__type":"$$EventMessageConfirm","confirm":"a545ac8f-24b0-4a55-b463-7e11c52c8070","ts":"2026-08-18T18:04:19.270+01:00","source":{"id":"0","name":"eventBus"}}
{"__type":"$$EventMessageNode","id":"adc328b6-f4d3-4bc8-93b2-abdd2bd10253","ts":"2026-08-18T18:04:26.619+01:00","eventName":"n8n.node.finished","message":"n8n.node.finished","payload":{"workflowId":"ipTQvEEvjb2UKSSr","workflowName":"Newman - Juice Shop Tests","executionId":"21","nodeType":"@n8n/n8n-nodes-langchain.googleGemini","nodeName":"Message a model","nodeId":"6c02d02f-a973-4598-a1f3-9d773f6ff14f"}}
{"__type":"$$EventMessageConfirm","confirm":"adc328b6-f4d3-4bc8-93b2-abdd2bd10253","ts":"2026-08-18T18:04:26.619+01:00","source":{"id":"0","name":"eventBus"}}
{"__type":"$$EventMessageNode","id":"03f8ce4c-9b7d-4b47-bcac-41723518d38c","ts":"2026-08-18T18:04:26.621+01:00","eventName":"n8n.node.started","message":"n8n.node.started","payload":{"workflowId":"ipTQvEEvjb2UKSSr","workflowName":"Newman - Juice Shop Tests","executionId":"21","nodeType":"n8n-nodes-base.discord","nodeName":"Discord","nodeId":"b4d3f54b-2c74-4bf2-a9e8-840ef5c16556"}}
{"__type":"$$EventMessageConfirm","confirm":"03f8ce4c-9b7d-4b47-bcac-41723518d38c","ts":"2026-08-18T18:04:26.622+01:00","source":{"id":"0","name":"eventBus"}}
{"__type":"$$EventMessageNode","id":"105ecd5f-1375-4229-af9c-2a1772e66aad","ts":"2026-08-18T18:04:27.158+01:00","eventName":"n8n.node.finished","message":"n8n.node.finished","payload":{"workflowId":"ipTQvEEvjb2UKSSr","workflowName":"Newman - Juice Shop Tests","executionId":"21","nodeType":"n8n-nodes-base.discord","nodeName":"Discord","nodeId":"b4d3f54b-2c74-4bf2-a9e8-840ef5c16556"}}
{"__type":"$$EventMessageConfirm","confirm":"105ecd5f-1375-4229-af9c-2a1772e66aad","ts":"2026-08-18T18:04:27.159+01:00","source":{"id":"0","name":"eventBus"}}
{"__type":"$$EventMessageWorkflow","id":"50be58b4-9bb8-4033-b143-440d0d2c0cc4","ts":"2026-08-18T18:04:27.161+01:00","eventName":"n8n.workflow.success","message":"n8n.workflow.success","payload":{"userId":"2934ed8e-246f-40de-b9c4-3db63c015199","executionId":"21","success":true,"isManual":true,"mode":"manual","workflowId":"ipTQvEEvjb2UKSSr","workflowName":"Newman - Juice Shop Tests","projectId":"VRkJ3QtMy9NsT7G4","projectName":"project pfa <rojectpfa@outlook.com>"}}
{"__type":"$$EventMessageConfirm","confirm":"50be58b4-9bb8-4033-b143-440d0d2c0cc4","ts":"2026-08-18T18:04:27.161+01:00","source":{"id":"0","name":"eventBus"}}
{"__type":"$$EventMessageAudit","id":"b05e4e28-973f-45ce-8ffa-2064f180054c","ts":"2026-08-19T08:31:50.960+01:00","eventName":"n8n.audit.workflow.executed","message":"n8n.audit.workflow.executed","payload":{"userId":"2934ed8e-246f-40de-b9c4-3db63c015199","_email":"rojectpfa@outlook.com","_firstName":"project","_lastName":"pfa","globalRole":"global:owner","workflowId":"ipTQvEEvjb2UKSSr","workflowName":"Newman - Juice Shop Tests","executionId":"22","projectId":"VRkJ3QtMy9NsT7G4","projectName":"project pfa <rojectpfa@outlook.com>","source":"user-manual"}}
{"__type":"$$EventMessageConfirm","confirm":"b05e4e28-973f-45ce-8ffa-2064f180054c","ts":"2026-08-19T08:31:50.961+01:00","source":{"id":"0","name":"eventBus"}}
{"__type":"$$EventMessageWorkflow","id":"93e5662b-3aeb-40f1-bddc-5b8cd740eb13","ts":"2026-08-19T08:31:50.962+01:00","eventName":"n8n.workflow.started","message":"n8n.workflow.started","payload":{"executionId":"22","workflowId":"ipTQvEEvjb2UKSSr","isManual":false,"mode":"manual","workflowName":"Newman - Juice Shop Tests","projectId":"VRkJ3QtMy9NsT7G4","projectName":"project pfa <rojectpfa@outlook.com>"}}
{"__type":"$$EventMessageConfirm","confirm":"93e5662b-3aeb-40f1-bddc-5b8cd740eb13","ts":"2026-08-19T08:31:50.963+01:00","source":{"id":"0","name":"eventBus"}}
{"__type":"$$EventMessageNode","id":"5b906997-c982-4f12-92c6-5b994d651f31","ts":"2026-08-19T08:31:50.975+01:00","eventName":"n8n.node.started","message":"n8n.node.started","payload":{"workflowId":"ipTQvEEvjb2UKSSr","workflowName":"Newman - Juice Shop Tests","executionId":"22","nodeType":"n8n-nodes-base.manualTrigger","nodeName":"When clicking ‘Execute workflow’","nodeId":"6f4bb230-c1c3-40b0-8281-c8e8d013185d"}}
{"__type":"$$EventMessageConfirm","confirm":"5b906997-c982-4f12-92c6-5b994d651f31","ts":"2026-08-19T08:31:50.975+01:00","source":{"id":"0","name":"eventBus"}}
{"__type":"$$EventMessageNode","id":"6d218140-903d-4883-91ec-4944d811679a","ts":"2026-08-19T08:31:50.978+01:00","eventName":"n8n.node.finished","message":"n8n.node.finished","payload":{"workflowId":"ipTQvEEvjb2UKSSr","workflowName":"Newman - Juice Shop Tests","executionId":"22","nodeType":"n8n-nodes-base.manualTrigger","nodeName":"When clicking ‘Execute workflow’","nodeId":"6f4bb230-c1c3-40b0-8281-c8e8d013185d"}}
{"__type":"$$EventMessageConfirm","confirm":"6d218140-903d-4883-91ec-4944d811679a","ts":"2026-08-19T08:31:50.978+01:00","source":{"id":"0","name":"eventBus"}}
{"__type":"$$EventMessageNode","id":"d7c5c3a1-049f-4d9b-a917-cc04034ea8cc","ts":"2026-08-19T08:31:50.980+01:00","eventName":"n8n.node.started","message":"n8n.node.started","payload":{"workflowId":"ipTQvEEvjb2UKSSr","workflowName":"Newman - Juice Shop Tests","executionId":"22","nodeType":"n8n-nodes-base.executeCommand","nodeName":"Execute Command  Newman","nodeId":"0ccb398f-e181-437e-8304-1e6aec49aa9a"}}
{"__type":"$$EventMessageConfirm","confirm":"d7c5c3a1-049f-4d9b-a917-cc04034ea8cc","ts":"2026-08-19T08:31:50.980+01:00","source":{"id":"0","name":"eventBus"}}
{"__type":"$$EventMessageNode","id":"7f3e3e1d-ffa5-4990-bdbd-31f71a1aa83b","ts":"2026-08-19T08:31:51.013+01:00","eventName":"n8n.node.finished","message":"n8n.node.finished","payload":{"workflowId":"ipTQvEEvjb2UKSSr","workflowName":"Newman - Juice Shop Tests","executionId":"22","nodeType":"n8n-nodes-base.executeCommand","nodeName":"Execute Command  Newman","nodeId":"0ccb398f-e181-437e-8304-1e6aec49aa9a"}}
{"__type":"$$EventMessageConfirm","confirm":"7f3e3e1d-ffa5-4990-bdbd-31f71a1aa83b","ts":"2026-08-19T08:31:51.014+01:00","source":{"id":"0","name":"eventBus"}}
{"__type":"$$EventMessageNode","id":"a835e19c-e423-49ad-8f0d-7df0c7af21f9","ts":"2026-08-19T08:31:51.018+01:00","eventName":"n8n.node.started","message":"n8n.node.started","payload":{"workflowId":"ipTQvEEvjb2UKSSr","workflowName":"Newman - Juice Shop Tests","executionId":"22","nodeType":"n8n-nodes-base.code","nodeName":"Json Newman","nodeId":"5235daad-32fd-4a2e-ace0-ca0816d8e4e3"}}
{"__type":"$$EventMessageConfirm","confirm":"a835e19c-e423-49ad-8f0d-7df0c7af21f9","ts":"2026-08-19T08:31:51.019+01:00","source":{"id":"0","name":"eventBus"}}
{"__type":"$$EventMessageRunner","id":"e1229ca5-35d0-4949-b396-b883722725d0","ts":"2026-08-19T08:31:51.023+01:00","eventName":"n8n.runner.task.requested","message":"n8n.runner.task.requested","payload":{"taskId":"WjQcwLPn","nodeId":"5235daad-32fd-4a2e-ace0-ca0816d8e4e3","workflowId":"ipTQvEEvjb2UKSSr","executionId":"22"}}
{"__type":"$$EventMessageConfirm","confirm":"e1229ca5-35d0-4949-b396-b883722725d0","ts":"2026-08-19T08:31:51.024+01:00","source":{"id":"0","name":"eventBus"}}
{"__type":"$$EventMessageRunner","id":"699fa541-a363-4123-bd9e-62652062f41c","ts":"2026-08-19T08:31:51.060+01:00","eventName":"n8n.runner.response.received","message":"n8n.runner.response.received","payload":{"taskId":"WjQcwLPn","nodeId":"5235daad-32fd-4a2e-ace0-ca0816d8e4e3","workflowId":"ipTQvEEvjb2UKSSr","executionId":"22"}}
{"__type":"$$EventMessageConfirm","confirm":"699fa541-a363-4123-bd9e-62652062f41c","ts":"2026-08-19T08:31:51.060+01:00","source":{"id":"0","name":"eventBus"}}
{"__type":"$$EventMessageNode","id":"954ccea2-a83a-429c-87a9-f6ea733646ac","ts":"2026-08-19T08:31:51.060+01:00","eventName":"n8n.node.finished","message":"n8n.node.finished","payload":{"workflowId":"ipTQvEEvjb2UKSSr","workflowName":"Newman - Juice Shop Tests","executionId":"22","nodeType":"n8n-nodes-base.code","nodeName":"Json Newman","nodeId":"5235daad-32fd-4a2e-ace0-ca0816d8e4e3"}}
{"__type":"$$EventMessageConfirm","confirm":"954ccea2-a83a-429c-87a9-f6ea733646ac","ts":"2026-08-19T08:31:51.060+01:00","source":{"id":"0","name":"eventBus"}}
{"__type":"$$EventMessageNode","id":"9f4f85cd-f48e-404f-827c-7b8142a1e17b","ts":"2026-08-19T08:31:51.062+01:00","eventName":"n8n.node.started","message":"n8n.node.started","payload":{"workflowId":"ipTQvEEvjb2UKSSr","workflowName":"Newman - Juice Shop Tests","executionId":"22","nodeType":"n8n-nodes-base.executeCommand","nodeName":"Execute Command  Cypress","nodeId":"73f65794-ee07-485a-8ce5-3c6e9b0f7188"}}
{"__type":"$$EventMessageConfirm","confirm":"9f4f85cd-f48e-404f-827c-7b8142a1e17b","ts":"2026-08-19T08:31:51.062+01:00","source":{"id":"0","name":"eventBus"}}
{"__type":"$$EventMessageNode","id":"2d6afa5d-cc53-455c-a60a-b181d1ec6316","ts":"2026-08-19T08:31:51.075+01:00","eventName":"n8n.node.finished","message":"n8n.node.finished","payload":{"workflowId":"ipTQvEEvjb2UKSSr","workflowName":"Newman - Juice Shop Tests","executionId":"22","nodeType":"n8n-nodes-base.executeCommand","nodeName":"Execute Command  Cypress","nodeId":"73f65794-ee07-485a-8ce5-3c6e9b0f7188"}}
{"__type":"$$EventMessageConfirm","confirm":"2d6afa5d-cc53-455c-a60a-b181d1ec6316","ts":"2026-08-19T08:31:51.075+01:00","source":{"id":"0","name":"eventBus"}}
{"__type":"$$EventMessageNode","id":"fb2f6488-19b7-4fe6-8815-c36c88bebc57","ts":"2026-08-19T08:31:51.076+01:00","eventName":"n8n.node.started","message":"n8n.node.started","payload":{"workflowId":"ipTQvEEvjb2UKSSr","workflowName":"Newman - Juice Shop Tests","executionId":"22","nodeType":"n8n-nodes-base.code","nodeName":"Json Cypress","nodeId":"3d8b6114-7f38-4884-a052-98f5310d054f"}}
{"__type":"$$EventMessageConfirm","confirm":"fb2f6488-19b7-4fe6-8815-c36c88bebc57","ts":"2026-08-19T08:31:51.076+01:00","source":{"id":"0","name":"eventBus"}}
{"__type":"$$EventMessageRunner","id":"c7c74d1d-40b0-43bb-a746-20b8061948cb","ts":"2026-08-19T08:31:51.079+01:00","eventName":"n8n.runner.task.requested","message":"n8n.runner.task.requested","payload":{"taskId":"iAjIOEXb","nodeId":"3d8b6114-7f38-4884-a052-98f5310d054f","workflowId":"ipTQvEEvjb2UKSSr","executionId":"22"}}
{"__type":"$$EventMessageConfirm","confirm":"c7c74d1d-40b0-43bb-a746-20b8061948cb","ts":"2026-08-19T08:31:51.079+01:00","source":{"id":"0","name":"eventBus"}}
{"__type":"$$EventMessageRunner","id":"d54fc8ad-e0b4-493c-8427-416f80680197","ts":"2026-08-19T08:31:51.088+01:00","eventName":"n8n.runner.response.received","message":"n8n.runner.response.received","payload":{"taskId":"iAjIOEXb","nodeId":"3d8b6114-7f38-4884-a052-98f5310d054f","workflowId":"ipTQvEEvjb2UKSSr","executionId":"22"}}
{"__type":"$$EventMessageConfirm","confirm":"d54fc8ad-e0b4-493c-8427-416f80680197","ts":"2026-08-19T08:31:51.088+01:00","source":{"id":"0","name":"eventBus"}}
{"__type":"$$EventMessageNode","id":"f947881e-6de9-4ae7-b584-e5b99022421c","ts":"2026-08-19T08:31:51.089+01:00","eventName":"n8n.node.finished","message":"n8n.node.finished","payload":{"workflowId":"ipTQvEEvjb2UKSSr","workflowName":"Newman - Juice Shop Tests","executionId":"22","nodeType":"n8n-nodes-base.code","nodeName":"Json Cypress","nodeId":"3d8b6114-7f38-4884-a052-98f5310d054f"}}
{"__type":"$$EventMessageConfirm","confirm":"f947881e-6de9-4ae7-b584-e5b99022421c","ts":"2026-08-19T08:31:51.089+01:00","source":{"id":"0","name":"eventBus"}}
{"__type":"$$EventMessageNode","id":"00aa1e77-3451-44d8-bf90-164fb63a9e87","ts":"2026-08-19T08:31:51.090+01:00","eventName":"n8n.node.started","message":"n8n.node.started","payload":{"workflowId":"ipTQvEEvjb2UKSSr","workflowName":"Newman - Juice Shop Tests","executionId":"22","nodeType":"n8n-nodes-base.code","nodeName":"Results echec JSON","nodeId":"3e0fd6e7-cdbc-4098-a1a7-b09daa56b9fc"}}
{"__type":"$$EventMessageConfirm","confirm":"00aa1e77-3451-44d8-bf90-164fb63a9e87","ts":"2026-08-19T08:31:51.090+01:00","source":{"id":"0","name":"eventBus"}}
{"__type":"$$EventMessageRunner","id":"b194a591-2cb6-40df-a363-fcd9f18a4611","ts":"2026-08-19T08:31:51.093+01:00","eventName":"n8n.runner.task.requested","message":"n8n.runner.task.requested","payload":{"taskId":"_BW2sdfN","nodeId":"3e0fd6e7-cdbc-4098-a1a7-b09daa56b9fc","workflowId":"ipTQvEEvjb2UKSSr","executionId":"22"}}
{"__type":"$$EventMessageConfirm","confirm":"b194a591-2cb6-40df-a363-fcd9f18a4611","ts":"2026-08-19T08:31:51.093+01:00","source":{"id":"0","name":"eventBus"}}
{"__type":"$$EventMessageRunner","id":"7d77299c-d7b5-4d73-8871-b091cfa9033b","ts":"2026-08-19T08:31:51.103+01:00","eventName":"n8n.runner.response.received","message":"n8n.runner.response.received","payload":{"taskId":"_BW2sdfN","nodeId":"3e0fd6e7-cdbc-4098-a1a7-b09daa56b9fc","workflowId":"ipTQvEEvjb2UKSSr","executionId":"22"}}
{"__type":"$$EventMessageConfirm","confirm":"7d77299c-d7b5-4d73-8871-b091cfa9033b","ts":"2026-08-19T08:31:51.103+01:00","source":{"id":"0","name":"eventBus"}}
{"__type":"$$EventMessageNode","id":"2684456f-80f5-4716-ae90-6a3aaf639f73","ts":"2026-08-19T08:31:51.103+01:00","eventName":"n8n.node.finished","message":"n8n.node.finished","payload":{"workflowId":"ipTQvEEvjb2UKSSr","workflowName":"Newman - Juice Shop Tests","executionId":"22","nodeType":"n8n-nodes-base.code","nodeName":"Results echec JSON","nodeId":"3e0fd6e7-cdbc-4098-a1a7-b09daa56b9fc"}}
{"__type":"$$EventMessageConfirm","confirm":"2684456f-80f5-4716-ae90-6a3aaf639f73","ts":"2026-08-19T08:31:51.104+01:00","source":{"id":"0","name":"eventBus"}}
{"__type":"$$EventMessageNode","id":"99478f9c-bacd-4958-ada5-fc17472f9502","ts":"2026-08-19T08:31:51.104+01:00","eventName":"n8n.node.started","message":"n8n.node.started","payload":{"workflowId":"ipTQvEEvjb2UKSSr","workflowName":"Newman - Juice Shop Tests","executionId":"22","nodeType":"n8n-nodes-base.if","nodeName":"If","nodeId":"f8efa516-b7dd-4c68-8d3a-c1411819c13f"}}
{"__type":"$$EventMessageConfirm","confirm":"99478f9c-bacd-4958-ada5-fc17472f9502","ts":"2026-08-19T08:31:51.105+01:00","source":{"id":"0","name":"eventBus"}}
{"__type":"$$EventMessageNode","id":"c1d9a0a1-2cf1-44d8-b24b-d1c6d2bf546b","ts":"2026-08-19T08:31:51.108+01:00","eventName":"n8n.node.finished","message":"n8n.node.finished","payload":{"workflowId":"ipTQvEEvjb2UKSSr","workflowName":"Newman - Juice Shop Tests","executionId":"22","nodeType":"n8n-nodes-base.if","nodeName":"If","nodeId":"f8efa516-b7dd-4c68-8d3a-c1411819c13f"}}
{"__type":"$$EventMessageConfirm","confirm":"c1d9a0a1-2cf1-44d8-b24b-d1c6d2bf546b","ts":"2026-08-19T08:31:51.108+01:00","source":{"id":"0","name":"eventBus"}}
{"__type":"$$EventMessageNode","id":"f43b7e92-b0ea-4f7b-81f4-96e30802ccf6","ts":"2026-08-19T08:31:51.109+01:00","eventName":"n8n.node.started","message":"n8n.node.started","payload":{"workflowId":"ipTQvEEvjb2UKSSr","workflowName":"Newman - Juice Shop Tests","executionId":"22","nodeType":"@n8n/n8n-nodes-langchain.googleGemini","nodeName":"Message a model","nodeId":"6c02d02f-a973-4598-a1f3-9d773f6ff14f"}}
{"__type":"$$EventMessageConfirm","confirm":"f43b7e92-b0ea-4f7b-81f4-96e30802ccf6","ts":"2026-08-19T08:31:51.109+01:00","source":{"id":"0","name":"eventBus"}}
{"__type":"$$EventMessageNode","id":"136c3566-1464-4557-8cd7-7acda09c48a1","ts":"2026-08-19T08:31:55.130+01:00","eventName":"n8n.node.finished","message":"n8n.node.finished","payload":{"workflowId":"ipTQvEEvjb2UKSSr","workflowName":"Newman - Juice Shop Tests","executionId":"22","nodeType":"@n8n/n8n-nodes-langchain.googleGemini","nodeName":"Message a model","nodeId":"6c02d02f-a973-4598-a1f3-9d773f6ff14f"}}
{"__type":"$$EventMessageConfirm","confirm":"136c3566-1464-4557-8cd7-7acda09c48a1","ts":"2026-08-19T08:31:55.130+01:00","source":{"id":"0","name":"eventBus"}}
{"__type":"$$EventMessageNode","id":"5feaacaf-9278-4910-b441-c204cd3e6e9b","ts":"2026-08-19T08:31:55.131+01:00","eventName":"n8n.node.started","message":"n8n.node.started","payload":{"workflowId":"ipTQvEEvjb2UKSSr","workflowName":"Newman - Juice Shop Tests","executionId":"22","nodeType":"n8n-nodes-base.discord","nodeName":"Discord","nodeId":"b4d3f54b-2c74-4bf2-a9e8-840ef5c16556"}}
{"__type":"$$EventMessageConfirm","confirm":"5feaacaf-9278-4910-b441-c204cd3e6e9b","ts":"2026-08-19T08:31:55.132+01:00","source":{"id":"0","name":"eventBus"}}
{"__type":"$$EventMessageNode","id":"59f002ff-9c19-4761-bfc6-f2337a97628c","ts":"2026-08-19T08:31:55.717+01:00","eventName":"n8n.node.finished","message":"n8n.node.finished","payload":{"workflowId":"ipTQvEEvjb2UKSSr","workflowName":"Newman - Juice Shop Tests","executionId":"22","nodeType":"n8n-nodes-base.discord","nodeName":"Discord","nodeId":"b4d3f54b-2c74-4bf2-a9e8-840ef5c16556"}}
{"__type":"$$EventMessageConfirm","confirm":"59f002ff-9c19-4761-bfc6-f2337a97628c","ts":"2026-08-19T08:31:55.717+01:00","source":{"id":"0","name":"eventBus"}}
{"__type":"$$EventMessageWorkflow","id":"57c982dc-f3b1-4995-8148-a1a7ebe1d80e","ts":"2026-08-19T08:31:55.722+01:00","eventName":"n8n.workflow.success","message":"n8n.workflow.success","payload":{"userId":"2934ed8e-246f-40de-b9c4-3db63c015199","executionId":"22","success":true,"isManual":true,"mode":"manual","workflowId":"ipTQvEEvjb2UKSSr","workflowName":"Newman - Juice Shop Tests","projectId":"VRkJ3QtMy9NsT7G4","projectName":"project pfa <rojectpfa@outlook.com>"}}
{"__type":"$$EventMessageConfirm","confirm":"57c982dc-f3b1-4995-8148-a1a7ebe1d80e","ts":"2026-08-19T08:31:55.722+01:00","source":{"id":"0","name":"eventBus"}}
{"__type":"$$EventMessageAudit","id":"a60011aa-22e2-4597-8a50-b08574f87e98","ts":"2026-08-19T09:35:21.049+01:00","eventName":"n8n.audit.user.credentials.created","message":"n8n.audit.user.credentials.created","payload":{"userId":"2934ed8e-246f-40de-b9c4-3db63c015199","_email":"rojectpfa@outlook.com","_firstName":"project","_lastName":"pfa","globalRole":"global:owner","credentialType":"postgres","credentialId":"FQDZeXEK6t8wXKRW","publicApi":false,"projectId":"VRkJ3QtMy9NsT7G4","projectType":"personal","uiContext":"credentials_list","isDynamic":false,"usesExternalSecrets":false,"jweEnabled":false,"supportsManagedAuth":false,"usesManagedAuth":false}}
{"__type":"$$EventMessageConfirm","confirm":"a60011aa-22e2-4597-8a50-b08574f87e98","ts":"2026-08-19T09:35:21.049+01:00","source":{"id":"0","name":"eventBus"}}
{"__type":"$$EventMessageAudit","id":"04fde994-8b31-4bb1-a5aa-82e352816aa5","ts":"2026-08-19T09:36:56.026+01:00","eventName":"n8n.audit.workflow.executed","message":"n8n.audit.workflow.executed","payload":{"userId":"2934ed8e-246f-40de-b9c4-3db63c015199","_email":"rojectpfa@outlook.com","_firstName":"project","_lastName":"pfa","globalRole":"global:owner","workflowId":"ipTQvEEvjb2UKSSr","workflowName":"Newman - Juice Shop Tests","executionId":"23","projectId":"VRkJ3QtMy9NsT7G4","projectName":"project pfa <rojectpfa@outlook.com>","source":"user-manual"}}
{"__type":"$$EventMessageConfirm","confirm":"04fde994-8b31-4bb1-a5aa-82e352816aa5","ts":"2026-08-19T09:36:56.026+01:00","source":{"id":"0","name":"eventBus"}}
{"__type":"$$EventMessageWorkflow","id":"e3d531c7-b96f-4b9a-8ef6-e2ac1b47317e","ts":"2026-08-19T09:36:56.031+01:00","eventName":"n8n.workflow.started","message":"n8n.workflow.started","payload":{"executionId":"23","workflowId":"ipTQvEEvjb2UKSSr","isManual":false,"mode":"manual","workflowName":"Newman - Juice Shop Tests","projectId":"VRkJ3QtMy9NsT7G4","projectName":"project pfa <rojectpfa@outlook.com>"}}
{"__type":"$$EventMessageConfirm","confirm":"e3d531c7-b96f-4b9a-8ef6-e2ac1b47317e","ts":"2026-08-19T09:36:56.031+01:00","source":{"id":"0","name":"eventBus"}}
{"__type":"$$EventMessageNode","id":"436605cd-b66d-4ca4-a801-9aa364579745","ts":"2026-08-19T09:36:56.040+01:00","eventName":"n8n.node.started","message":"n8n.node.started","payload":{"workflowId":"ipTQvEEvjb2UKSSr","workflowName":"Newman - Juice Shop Tests","executionId":"23","nodeType":"n8n-nodes-base.manualTrigger","nodeName":"When clicking ‘Execute workflow’","nodeId":"6f4bb230-c1c3-40b0-8281-c8e8d013185d"}}
{"__type":"$$EventMessageConfirm","confirm":"436605cd-b66d-4ca4-a801-9aa364579745","ts":"2026-08-19T09:36:56.041+01:00","source":{"id":"0","name":"eventBus"}}
{"__type":"$$EventMessageNode","id":"93c7d616-fe80-43f7-9045-4a702a903bf2","ts":"2026-08-19T09:36:56.042+01:00","eventName":"n8n.node.finished","message":"n8n.node.finished","payload":{"workflowId":"ipTQvEEvjb2UKSSr","workflowName":"Newman - Juice Shop Tests","executionId":"23","nodeType":"n8n-nodes-base.manualTrigger","nodeName":"When clicking ‘Execute workflow’","nodeId":"6f4bb230-c1c3-40b0-8281-c8e8d013185d"}}
{"__type":"$$EventMessageConfirm","confirm":"93c7d616-fe80-43f7-9045-4a702a903bf2","ts":"2026-08-19T09:36:56.043+01:00","source":{"id":"0","name":"eventBus"}}
{"__type":"$$EventMessageNode","id":"dee1ae9b-2ef3-45d3-9ee3-5f9a0a76290f","ts":"2026-08-19T09:36:56.044+01:00","eventName":"n8n.node.started","message":"n8n.node.started","payload":{"workflowId":"ipTQvEEvjb2UKSSr","workflowName":"Newman - Juice Shop Tests","executionId":"23","nodeType":"n8n-nodes-base.executeCommand","nodeName":"Execute Command  Newman","nodeId":"0ccb398f-e181-437e-8304-1e6aec49aa9a"}}
{"__type":"$$EventMessageConfirm","confirm":"dee1ae9b-2ef3-45d3-9ee3-5f9a0a76290f","ts":"2026-08-19T09:36:56.044+01:00","source":{"id":"0","name":"eventBus"}}
{"__type":"$$EventMessageNode","id":"8dfac272-33d5-4aeb-8fa2-09bc98bdba5a","ts":"2026-08-19T09:36:56.102+01:00","eventName":"n8n.node.finished","message":"n8n.node.finished","payload":{"workflowId":"ipTQvEEvjb2UKSSr","workflowName":"Newman - Juice Shop Tests","executionId":"23","nodeType":"n8n-nodes-base.executeCommand","nodeName":"Execute Command  Newman","nodeId":"0ccb398f-e181-437e-8304-1e6aec49aa9a"}}
{"__type":"$$EventMessageConfirm","confirm":"8dfac272-33d5-4aeb-8fa2-09bc98bdba5a","ts":"2026-08-19T09:36:56.102+01:00","source":{"id":"0","name":"eventBus"}}
{"__type":"$$EventMessageNode","id":"e5b1fb95-a8de-4f8d-8900-ed767ebb66f6","ts":"2026-08-19T09:36:56.107+01:00","eventName":"n8n.node.started","message":"n8n.node.started","payload":{"workflowId":"ipTQvEEvjb2UKSSr","workflowName":"Newman - Juice Shop Tests","executionId":"23","nodeType":"n8n-nodes-base.code","nodeName":"Json Newman","nodeId":"5235daad-32fd-4a2e-ace0-ca0816d8e4e3"}}
{"__type":"$$EventMessageConfirm","confirm":"e5b1fb95-a8de-4f8d-8900-ed767ebb66f6","ts":"2026-08-19T09:36:56.107+01:00","source":{"id":"0","name":"eventBus"}}
{"__type":"$$EventMessageRunner","id":"b20c110a-456b-4aea-8d6f-6ebb5b5c7b1f","ts":"2026-08-19T09:36:56.113+01:00","eventName":"n8n.runner.task.requested","message":"n8n.runner.task.requested","payload":{"taskId":"21vpumMC","nodeId":"5235daad-32fd-4a2e-ace0-ca0816d8e4e3","workflowId":"ipTQvEEvjb2UKSSr","executionId":"23"}}
{"__type":"$$EventMessageConfirm","confirm":"b20c110a-456b-4aea-8d6f-6ebb5b5c7b1f","ts":"2026-08-19T09:36:56.113+01:00","source":{"id":"0","name":"eventBus"}}
{"__type":"$$EventMessageRunner","id":"f4388f46-f35f-4158-b689-70749bcc428d","ts":"2026-08-19T09:36:56.158+01:00","eventName":"n8n.runner.response.received","message":"n8n.runner.response.received","payload":{"taskId":"21vpumMC","nodeId":"5235daad-32fd-4a2e-ace0-ca0816d8e4e3","workflowId":"ipTQvEEvjb2UKSSr","executionId":"23"}}
{"__type":"$$EventMessageConfirm","confirm":"f4388f46-f35f-4158-b689-70749bcc428d","ts":"2026-08-19T09:36:56.159+01:00","source":{"id":"0","name":"eventBus"}}
{"__type":"$$EventMessageNode","id":"4704851f-1b2b-462d-9b37-beb27d3db93a","ts":"2026-08-19T09:36:56.159+01:00","eventName":"n8n.node.finished","message":"n8n.node.finished","payload":{"workflowId":"ipTQvEEvjb2UKSSr","workflowName":"Newman - Juice Shop Tests","executionId":"23","nodeType":"n8n-nodes-base.code","nodeName":"Json Newman","nodeId":"5235daad-32fd-4a2e-ace0-ca0816d8e4e3"}}
{"__type":"$$EventMessageConfirm","confirm":"4704851f-1b2b-462d-9b37-beb27d3db93a","ts":"2026-08-19T09:36:56.159+01:00","source":{"id":"0","name":"eventBus"}}
{"__type":"$$EventMessageNode","id":"ab65fbc5-e363-4292-b642-beea451207b0","ts":"2026-08-19T09:36:56.161+01:00","eventName":"n8n.node.started","message":"n8n.node.started","payload":{"workflowId":"ipTQvEEvjb2UKSSr","workflowName":"Newman - Juice Shop Tests","executionId":"23","nodeType":"n8n-nodes-base.executeCommand","nodeName":"Execute Command  Cypress","nodeId":"73f65794-ee07-485a-8ce5-3c6e9b0f7188"}}
{"__type":"$$EventMessageConfirm","confirm":"ab65fbc5-e363-4292-b642-beea451207b0","ts":"2026-08-19T09:36:56.161+01:00","source":{"id":"0","name":"eventBus"}}
{"__type":"$$EventMessageNode","id":"3988be5f-d8d5-425a-8f60-d67ac7d4b4fd","ts":"2026-08-19T09:36:56.200+01:00","eventName":"n8n.node.finished","message":"n8n.node.finished","payload":{"workflowId":"ipTQvEEvjb2UKSSr","workflowName":"Newman - Juice Shop Tests","executionId":"23","nodeType":"n8n-nodes-base.executeCommand","nodeName":"Execute Command  Cypress","nodeId":"73f65794-ee07-485a-8ce5-3c6e9b0f7188"}}
{"__type":"$$EventMessageConfirm","confirm":"3988be5f-d8d5-425a-8f60-d67ac7d4b4fd","ts":"2026-08-19T09:36:56.200+01:00","source":{"id":"0","name":"eventBus"}}
{"__type":"$$EventMessageNode","id":"c8721685-a3e3-4ce8-ac46-6321c94d0260","ts":"2026-08-19T09:36:56.201+01:00","eventName":"n8n.node.started","message":"n8n.node.started","payload":{"workflowId":"ipTQvEEvjb2UKSSr","workflowName":"Newman - Juice Shop Tests","executionId":"23","nodeType":"n8n-nodes-base.code","nodeName":"Json Cypress","nodeId":"3d8b6114-7f38-4884-a052-98f5310d054f"}}
{"__type":"$$EventMessageConfirm","confirm":"c8721685-a3e3-4ce8-ac46-6321c94d0260","ts":"2026-08-19T09:36:56.201+01:00","source":{"id":"0","name":"eventBus"}}
{"__type":"$$EventMessageRunner","id":"abe0d0c1-0c4e-4329-9bac-92b8d6ad5b20","ts":"2026-08-19T09:36:56.203+01:00","eventName":"n8n.runner.task.requested","message":"n8n.runner.task.requested","payload":{"taskId":"ejbez2RD","nodeId":"3d8b6114-7f38-4884-a052-98f5310d054f","workflowId":"ipTQvEEvjb2UKSSr","executionId":"23"}}
{"__type":"$$EventMessageConfirm","confirm":"abe0d0c1-0c4e-4329-9bac-92b8d6ad5b20","ts":"2026-08-19T09:36:56.203+01:00","source":{"id":"0","name":"eventBus"}}
{"__type":"$$EventMessageRunner","id":"18aef1c4-e995-4dfe-93c1-dc6963da0629","ts":"2026-08-19T09:36:56.213+01:00","eventName":"n8n.runner.response.received","message":"n8n.runner.response.received","payload":{"taskId":"ejbez2RD","nodeId":"3d8b6114-7f38-4884-a052-98f5310d054f","workflowId":"ipTQvEEvjb2UKSSr","executionId":"23"}}
{"__type":"$$EventMessageConfirm","confirm":"18aef1c4-e995-4dfe-93c1-dc6963da0629","ts":"2026-08-19T09:36:56.213+01:00","source":{"id":"0","name":"eventBus"}}
{"__type":"$$EventMessageNode","id":"43a35a41-a760-4f5a-b976-408621219c77","ts":"2026-08-19T09:36:56.213+01:00","eventName":"n8n.node.finished","message":"n8n.node.finished","payload":{"workflowId":"ipTQvEEvjb2UKSSr","workflowName":"Newman - Juice Shop Tests","executionId":"23","nodeType":"n8n-nodes-base.code","nodeName":"Json Cypress","nodeId":"3d8b6114-7f38-4884-a052-98f5310d054f"}}
{"__type":"$$EventMessageConfirm","confirm":"43a35a41-a760-4f5a-b976-408621219c77","ts":"2026-08-19T09:36:56.213+01:00","source":{"id":"0","name":"eventBus"}}
{"__type":"$$EventMessageNode","id":"8a6cc857-757c-4d15-86fe-2ceaf2a49868","ts":"2026-08-19T09:36:56.214+01:00","eventName":"n8n.node.started","message":"n8n.node.started","payload":{"workflowId":"ipTQvEEvjb2UKSSr","workflowName":"Newman - Juice Shop Tests","executionId":"23","nodeType":"n8n-nodes-base.code","nodeName":"Results echec JSON","nodeId":"3e0fd6e7-cdbc-4098-a1a7-b09daa56b9fc"}}
{"__type":"$$EventMessageConfirm","confirm":"8a6cc857-757c-4d15-86fe-2ceaf2a49868","ts":"2026-08-19T09:36:56.215+01:00","source":{"id":"0","name":"eventBus"}}
{"__type":"$$EventMessageRunner","id":"06f4ca9a-5395-4991-a7b6-2da0da50caa8","ts":"2026-08-19T09:36:56.216+01:00","eventName":"n8n.runner.task.requested","message":"n8n.runner.task.requested","payload":{"taskId":"79OSQZav","nodeId":"3e0fd6e7-cdbc-4098-a1a7-b09daa56b9fc","workflowId":"ipTQvEEvjb2UKSSr","executionId":"23"}}
{"__type":"$$EventMessageConfirm","confirm":"06f4ca9a-5395-4991-a7b6-2da0da50caa8","ts":"2026-08-19T09:36:56.216+01:00","source":{"id":"0","name":"eventBus"}}
{"__type":"$$EventMessageRunner","id":"e83cf77e-500d-49f3-8343-abb2f9837a7f","ts":"2026-08-19T09:36:56.225+01:00","eventName":"n8n.runner.response.received","message":"n8n.runner.response.received","payload":{"taskId":"79OSQZav","nodeId":"3e0fd6e7-cdbc-4098-a1a7-b09daa56b9fc","workflowId":"ipTQvEEvjb2UKSSr","executionId":"23"}}
{"__type":"$$EventMessageConfirm","confirm":"e83cf77e-500d-49f3-8343-abb2f9837a7f","ts":"2026-08-19T09:36:56.225+01:00","source":{"id":"0","name":"eventBus"}}
{"__type":"$$EventMessageNode","id":"5f7cc001-d0e6-43c4-9d3d-45d145c7eae2","ts":"2026-08-19T09:36:56.225+01:00","eventName":"n8n.node.finished","message":"n8n.node.finished","payload":{"workflowId":"ipTQvEEvjb2UKSSr","workflowName":"Newman - Juice Shop Tests","executionId":"23","nodeType":"n8n-nodes-base.code","nodeName":"Results echec JSON","nodeId":"3e0fd6e7-cdbc-4098-a1a7-b09daa56b9fc"}}
{"__type":"$$EventMessageConfirm","confirm":"5f7cc001-d0e6-43c4-9d3d-45d145c7eae2","ts":"2026-08-19T09:36:56.225+01:00","source":{"id":"0","name":"eventBus"}}
{"__type":"$$EventMessageNode","id":"39361c27-9027-4697-b792-5cc0cd6512d7","ts":"2026-08-19T09:36:56.226+01:00","eventName":"n8n.node.started","message":"n8n.node.started","payload":{"workflowId":"ipTQvEEvjb2UKSSr","workflowName":"Newman - Juice Shop Tests","executionId":"23","nodeType":"n8n-nodes-base.if","nodeName":"If","nodeId":"f8efa516-b7dd-4c68-8d3a-c1411819c13f"}}
{"__type":"$$EventMessageConfirm","confirm":"39361c27-9027-4697-b792-5cc0cd6512d7","ts":"2026-08-19T09:36:56.226+01:00","source":{"id":"0","name":"eventBus"}}
{"__type":"$$EventMessageNode","id":"d4df94c1-81a9-4b72-993f-2249826013fd","ts":"2026-08-19T09:36:56.227+01:00","eventName":"n8n.node.finished","message":"n8n.node.finished","payload":{"workflowId":"ipTQvEEvjb2UKSSr","workflowName":"Newman - Juice Shop Tests","executionId":"23","nodeType":"n8n-nodes-base.if","nodeName":"If","nodeId":"f8efa516-b7dd-4c68-8d3a-c1411819c13f"}}
{"__type":"$$EventMessageConfirm","confirm":"d4df94c1-81a9-4b72-993f-2249826013fd","ts":"2026-08-19T09:36:56.227+01:00","source":{"id":"0","name":"eventBus"}}
{"__type":"$$EventMessageNode","id":"cbfb5d67-efe4-4be3-8d22-fe7e2c895ee7","ts":"2026-08-19T09:36:56.228+01:00","eventName":"n8n.node.started","message":"n8n.node.started","payload":{"workflowId":"ipTQvEEvjb2UKSSr","workflowName":"Newman - Juice Shop Tests","executionId":"23","nodeType":"@n8n/n8n-nodes-langchain.googleGemini","nodeName":"Message a model","nodeId":"6c02d02f-a973-4598-a1f3-9d773f6ff14f"}}
{"__type":"$$EventMessageConfirm","confirm":"cbfb5d67-efe4-4be3-8d22-fe7e2c895ee7","ts":"2026-08-19T09:36:56.228+01:00","source":{"id":"0","name":"eventBus"}}
{"__type":"$$EventMessageNode","id":"095bd6d9-f2f1-4594-b4a8-b2abb83d5799","ts":"2026-08-19T09:37:00.577+01:00","eventName":"n8n.node.finished","message":"n8n.node.finished","payload":{"workflowId":"ipTQvEEvjb2UKSSr","workflowName":"Newman - Juice Shop Tests","executionId":"23","nodeType":"@n8n/n8n-nodes-langchain.googleGemini","nodeName":"Message a model","nodeId":"6c02d02f-a973-4598-a1f3-9d773f6ff14f"}}
{"__type":"$$EventMessageConfirm","confirm":"095bd6d9-f2f1-4594-b4a8-b2abb83d5799","ts":"2026-08-19T09:37:00.578+01:00","source":{"id":"0","name":"eventBus"}}
{"__type":"$$EventMessageNode","id":"3c7222b4-fa37-4af5-b339-fb6e6b280e5e","ts":"2026-08-19T09:37:00.579+01:00","eventName":"n8n.node.started","message":"n8n.node.started","payload":{"workflowId":"ipTQvEEvjb2UKSSr","workflowName":"Newman - Juice Shop Tests","executionId":"23","nodeType":"n8n-nodes-base.discord","nodeName":"Discord","nodeId":"b4d3f54b-2c74-4bf2-a9e8-840ef5c16556"}}
{"__type":"$$EventMessageConfirm","confirm":"3c7222b4-fa37-4af5-b339-fb6e6b280e5e","ts":"2026-08-19T09:37:00.579+01:00","source":{"id":"0","name":"eventBus"}}
{"__type":"$$EventMessageNode","id":"9db76790-0c09-49c8-b314-722e13514a78","ts":"2026-08-19T09:37:02.652+01:00","eventName":"n8n.node.finished","message":"n8n.node.finished","payload":{"workflowId":"ipTQvEEvjb2UKSSr","workflowName":"Newman - Juice Shop Tests","executionId":"23","nodeType":"n8n-nodes-base.discord","nodeName":"Discord","nodeId":"b4d3f54b-2c74-4bf2-a9e8-840ef5c16556"}}
{"__type":"$$EventMessageConfirm","confirm":"9db76790-0c09-49c8-b314-722e13514a78","ts":"2026-08-19T09:37:02.652+01:00","source":{"id":"0","name":"eventBus"}}
{"__type":"$$EventMessageWorkflow","id":"fb37cd38-83f1-4031-bc57-3ab5b268dd5f","ts":"2026-08-19T09:37:02.656+01:00","eventName":"n8n.workflow.success","message":"n8n.workflow.success","payload":{"userId":"2934ed8e-246f-40de-b9c4-3db63c015199","executionId":"23","success":true,"isManual":true,"mode":"manual","workflowId":"ipTQvEEvjb2UKSSr","workflowName":"Newman - Juice Shop Tests","projectId":"VRkJ3QtMy9NsT7G4","projectName":"project pfa <rojectpfa@outlook.com>"}}
{"__type":"$$EventMessageConfirm","confirm":"fb37cd38-83f1-4031-bc57-3ab5b268dd5f","ts":"2026-08-19T09:37:02.656+01:00","source":{"id":"0","name":"eventBus"}}
{"__type":"$$EventMessageAudit","id":"9ce69281-bbb7-44b8-8a36-24f5402ee109","ts":"2026-08-19T09:38:12.988+01:00","eventName":"n8n.audit.workflow.updated","message":"n8n.audit.workflow.updated","payload":{"userId":"2934ed8e-246f-40de-b9c4-3db63c015199","_email":"rojectpfa@outlook.com","_firstName":"project","_lastName":"pfa","globalRole":"global:owner","workflowId":"ipTQvEEvjb2UKSSr","workflowName":"Newman - Juice Shop Tests"}}
{"__type":"$$EventMessageConfirm","confirm":"9ce69281-bbb7-44b8-8a36-24f5402ee109","ts":"2026-08-19T09:38:12.988+01:00","source":{"id":"0","name":"eventBus"}}
{"__type":"$$EventMessageAudit","id":"a603e81b-72ae-4021-8633-cd322691e447","ts":"2026-08-19T09:38:30.659+01:00","eventName":"n8n.audit.workflow.updated","message":"n8n.audit.workflow.updated","payload":{"userId":"2934ed8e-246f-40de-b9c4-3db63c015199","_email":"rojectpfa@outlook.com","_firstName":"project","_lastName":"pfa","globalRole":"global:owner","workflowId":"ipTQvEEvjb2UKSSr","workflowName":"Newman - Juice Shop Tests"}}
{"__type":"$$EventMessageConfirm","confirm":"a603e81b-72ae-4021-8633-cd322691e447","ts":"2026-08-19T09:38:30.659+01:00","source":{"id":"0","name":"eventBus"}}
{"__type":"$$EventMessageAudit","id":"7c73d626-4090-4600-be1d-63afe1a16c1b","ts":"2026-08-19T09:38:45.483+01:00","eventName":"n8n.audit.workflow.updated","message":"n8n.audit.workflow.updated","payload":{"userId":"2934ed8e-246f-40de-b9c4-3db63c015199","_email":"rojectpfa@outlook.com","_firstName":"project","_lastName":"pfa","globalRole":"global:owner","workflowId":"ipTQvEEvjb2UKSSr","workflowName":"Newman - Juice Shop Tests"}}
{"__type":"$$EventMessageConfirm","confirm":"7c73d626-4090-4600-be1d-63afe1a16c1b","ts":"2026-08-19T09:38:45.483+01:00","source":{"id":"0","name":"eventBus"}}
{"__type":"$$EventMessageAudit","id":"c4c9aaf2-0a28-47be-9efb-ccfe78853f82","ts":"2026-08-19T09:39:14.939+01:00","eventName":"n8n.audit.workflow.updated","message":"n8n.audit.workflow.updated","payload":{"userId":"2934ed8e-246f-40de-b9c4-3db63c015199","_email":"rojectpfa@outlook.com","_firstName":"project","_lastName":"pfa","globalRole":"global:owner","workflowId":"ipTQvEEvjb2UKSSr","workflowName":"Newman - Juice Shop Tests"}}
{"__type":"$$EventMessageConfirm","confirm":"c4c9aaf2-0a28-47be-9efb-ccfe78853f82","ts":"2026-08-19T09:39:14.939+01:00","source":{"id":"0","name":"eventBus"}}
{"__type":"$$EventMessageAudit","id":"f7da3417-4832-4544-b922-bb297b18e1e2","ts":"2026-08-19T09:39:52.885+01:00","eventName":"n8n.audit.workflow.updated","message":"n8n.audit.workflow.updated","payload":{"userId":"2934ed8e-246f-40de-b9c4-3db63c015199","_email":"rojectpfa@outlook.com","_firstName":"project","_lastName":"pfa","globalRole":"global:owner","workflowId":"ipTQvEEvjb2UKSSr","workflowName":"Newman - Juice Shop Tests"}}
{"__type":"$$EventMessageConfirm","confirm":"f7da3417-4832-4544-b922-bb297b18e1e2","ts":"2026-08-19T09:39:52.885+01:00","source":{"id":"0","name":"eventBus"}}
{"__type":"$$EventMessageAudit","id":"f061886c-c5a1-4357-b387-37d3589e5ffd","ts":"2026-08-19T09:39:56.404+01:00","eventName":"n8n.audit.workflow.updated","message":"n8n.audit.workflow.updated","payload":{"userId":"2934ed8e-246f-40de-b9c4-3db63c015199","_email":"rojectpfa@outlook.com","_firstName":"project","_lastName":"pfa","globalRole":"global:owner","workflowId":"ipTQvEEvjb2UKSSr","workflowName":"Newman - Juice Shop Tests"}}
{"__type":"$$EventMessageConfirm","confirm":"f061886c-c5a1-4357-b387-37d3589e5ffd","ts":"2026-08-19T09:39:56.404+01:00","source":{"id":"0","name":"eventBus"}}
{"__type":"$$EventMessageAudit","id":"eccd6452-db3b-42cc-8387-d4bc7e2d8ca8","ts":"2026-08-19T09:40:08.642+01:00","eventName":"n8n.audit.workflow.updated","message":"n8n.audit.workflow.updated","payload":{"userId":"2934ed8e-246f-40de-b9c4-3db63c015199","_email":"rojectpfa@outlook.com","_firstName":"project","_lastName":"pfa","globalRole":"global:owner","workflowId":"ipTQvEEvjb2UKSSr","workflowName":"Newman - Juice Shop Tests"}}
{"__type":"$$EventMessageConfirm","confirm":"eccd6452-db3b-42cc-8387-d4bc7e2d8ca8","ts":"2026-08-19T09:40:08.642+01:00","source":{"id":"0","name":"eventBus"}}
{"__type":"$$EventMessageAudit","id":"2fe5db13-4a01-41ab-a748-bb7fd3a0062b","ts":"2026-08-19T09:40:22.660+01:00","eventName":"n8n.audit.workflow.updated","message":"n8n.audit.workflow.updated","payload":{"userId":"2934ed8e-246f-40de-b9c4-3db63c015199","_email":"rojectpfa@outlook.com","_firstName":"project","_lastName":"pfa","globalRole":"global:owner","workflowId":"ipTQvEEvjb2UKSSr","workflowName":"Newman - Juice Shop Tests"}}
{"__type":"$$EventMessageConfirm","confirm":"2fe5db13-4a01-41ab-a748-bb7fd3a0062b","ts":"2026-08-19T09:40:22.660+01:00","source":{"id":"0","name":"eventBus"}}
{"__type":"$$EventMessageAudit","id":"74b139a5-d2fb-413c-9c88-92f2161b55b9","ts":"2026-08-19T09:41:43.695+01:00","eventName":"n8n.audit.workflow.updated","message":"n8n.audit.workflow.updated","payload":{"userId":"2934ed8e-246f-40de-b9c4-3db63c015199","_email":"rojectpfa@outlook.com","_firstName":"project","_lastName":"pfa","globalRole":"global:owner","workflowId":"ipTQvEEvjb2UKSSr","workflowName":"Newman - Juice Shop Tests"}}
{"__type":"$$EventMessageConfirm","confirm":"74b139a5-d2fb-413c-9c88-92f2161b55b9","ts":"2026-08-19T09:41:43.695+01:00","source":{"id":"0","name":"eventBus"}}
{"__type":"$$EventMessageAudit","id":"beb24f8f-7949-4b45-be06-03a490f2f779","ts":"2026-08-19T09:41:53.665+01:00","eventName":"n8n.audit.workflow.updated","message":"n8n.audit.workflow.updated","payload":{"userId":"2934ed8e-246f-40de-b9c4-3db63c015199","_email":"rojectpfa@outlook.com","_firstName":"project","_lastName":"pfa","globalRole":"global:owner","workflowId":"ipTQvEEvjb2UKSSr","workflowName":"Newman - Juice Shop Tests"}}
{"__type":"$$EventMessageConfirm","confirm":"beb24f8f-7949-4b45-be06-03a490f2f779","ts":"2026-08-19T09:41:53.665+01:00","source":{"id":"0","name":"eventBus"}}
{"__type":"$$EventMessageAudit","id":"3b878e3e-1009-465f-9527-b54e13b6d261","ts":"2026-08-19T09:42:00.692+01:00","eventName":"n8n.audit.workflow.updated","message":"n8n.audit.workflow.updated","payload":{"userId":"2934ed8e-246f-40de-b9c4-3db63c015199","_email":"rojectpfa@outlook.com","_firstName":"project","_lastName":"pfa","globalRole":"global:owner","workflowId":"ipTQvEEvjb2UKSSr","workflowName":"Newman - Juice Shop Tests"}}
{"__type":"$$EventMessageConfirm","confirm":"3b878e3e-1009-465f-9527-b54e13b6d261","ts":"2026-08-19T09:42:00.693+01:00","source":{"id":"0","name":"eventBus"}}
{"__type":"$$EventMessageAudit","id":"46ba0e4a-0fd8-40d5-9742-06077290d114","ts":"2026-08-19T09:42:09.669+01:00","eventName":"n8n.audit.workflow.updated","message":"n8n.audit.workflow.updated","payload":{"userId":"2934ed8e-246f-40de-b9c4-3db63c015199","_email":"rojectpfa@outlook.com","_firstName":"project","_lastName":"pfa","globalRole":"global:owner","workflowId":"ipTQvEEvjb2UKSSr","workflowName":"Newman - Juice Shop Tests"}}
{"__type":"$$EventMessageConfirm","confirm":"46ba0e4a-0fd8-40d5-9742-06077290d114","ts":"2026-08-19T09:42:09.669+01:00","source":{"id":"0","name":"eventBus"}}
{"__type":"$$EventMessageAudit","id":"3033b6a3-eb5e-480e-ae00-24908a1fa637","ts":"2026-08-19T09:42:16.520+01:00","eventName":"n8n.audit.workflow.updated","message":"n8n.audit.workflow.updated","payload":{"userId":"2934ed8e-246f-40de-b9c4-3db63c015199","_email":"rojectpfa@outlook.com","_firstName":"project","_lastName":"pfa","globalRole":"global:owner","workflowId":"ipTQvEEvjb2UKSSr","workflowName":"Newman - Juice Shop Tests"}}
{"__type":"$$EventMessageConfirm","confirm":"3033b6a3-eb5e-480e-ae00-24908a1fa637","ts":"2026-08-19T09:42:16.520+01:00","source":{"id":"0","name":"eventBus"}}
{"__type":"$$EventMessageAudit","id":"04b5d9d1-8246-4015-b9d1-96faefe2f013","ts":"2026-08-19T09:42:27.845+01:00","eventName":"n8n.audit.workflow.updated","message":"n8n.audit.workflow.updated","payload":{"userId":"2934ed8e-246f-40de-b9c4-3db63c015199","_email":"rojectpfa@outlook.com","_firstName":"project","_lastName":"pfa","globalRole":"global:owner","workflowId":"ipTQvEEvjb2UKSSr","workflowName":"Newman - Juice Shop Tests"}}
{"__type":"$$EventMessageConfirm","confirm":"04b5d9d1-8246-4015-b9d1-96faefe2f013","ts":"2026-08-19T09:42:27.845+01:00","source":{"id":"0","name":"eventBus"}}
{"__type":"$$EventMessageAudit","id":"0e11bac9-8da2-4b8c-907f-a4dc83d12149","ts":"2026-08-19T09:42:36.025+01:00","eventName":"n8n.audit.workflow.updated","message":"n8n.audit.workflow.updated","payload":{"userId":"2934ed8e-246f-40de-b9c4-3db63c015199","_email":"rojectpfa@outlook.com","_firstName":"project","_lastName":"pfa","globalRole":"global:owner","workflowId":"ipTQvEEvjb2UKSSr","workflowName":"Newman - Juice Shop Tests"}}
{"__type":"$$EventMessageConfirm","confirm":"0e11bac9-8da2-4b8c-907f-a4dc83d12149","ts":"2026-08-19T09:42:36.026+01:00","source":{"id":"0","name":"eventBus"}}
{"__type":"$$EventMessageAudit","id":"2c0a0f5b-baf4-47d7-9747-11f314c399b0","ts":"2026-08-19T09:42:37.925+01:00","eventName":"n8n.audit.workflow.updated","message":"n8n.audit.workflow.updated","payload":{"userId":"2934ed8e-246f-40de-b9c4-3db63c015199","_email":"rojectpfa@outlook.com","_firstName":"project","_lastName":"pfa","globalRole":"global:owner","workflowId":"ipTQvEEvjb2UKSSr","workflowName":"Newman - Juice Shop Tests"}}
{"__type":"$$EventMessageConfirm","confirm":"2c0a0f5b-baf4-47d7-9747-11f314c399b0","ts":"2026-08-19T09:42:37.925+01:00","source":{"id":"0","name":"eventBus"}}
{"__type":"$$EventMessageAudit","id":"9d69d0c4-6483-423d-9e9b-b9b1ce26fea4","ts":"2026-08-19T09:42:53.815+01:00","eventName":"n8n.audit.workflow.updated","message":"n8n.audit.workflow.updated","payload":{"userId":"2934ed8e-246f-40de-b9c4-3db63c015199","_email":"rojectpfa@outlook.com","_firstName":"project","_lastName":"pfa","globalRole":"global:owner","workflowId":"ipTQvEEvjb2UKSSr","workflowName":"Newman - Juice Shop Tests"}}
{"__type":"$$EventMessageConfirm","confirm":"9d69d0c4-6483-423d-9e9b-b9b1ce26fea4","ts":"2026-08-19T09:42:53.815+01:00","source":{"id":"0","name":"eventBus"}}
{"__type":"$$EventMessageAudit","id":"3c3a7d0c-2474-41cd-bd29-dd410ee29eff","ts":"2026-08-19T09:42:57.106+01:00","eventName":"n8n.audit.workflow.updated","message":"n8n.audit.workflow.updated","payload":{"userId":"2934ed8e-246f-40de-b9c4-3db63c015199","_email":"rojectpfa@outlook.com","_firstName":"project","_lastName":"pfa","globalRole":"global:owner","workflowId":"ipTQvEEvjb2UKSSr","workflowName":"Newman - Juice Shop Tests"}}
{"__type":"$$EventMessageConfirm","confirm":"3c3a7d0c-2474-41cd-bd29-dd410ee29eff","ts":"2026-08-19T09:42:57.106+01:00","source":{"id":"0","name":"eventBus"}}
{"__type":"$$EventMessageAudit","id":"c97fcfe0-5fff-43bf-8fbd-c72cffbcae0d","ts":"2026-08-19T09:43:06.168+01:00","eventName":"n8n.audit.workflow.updated","message":"n8n.audit.workflow.updated","payload":{"userId":"2934ed8e-246f-40de-b9c4-3db63c015199","_email":"rojectpfa@outlook.com","_firstName":"project","_lastName":"pfa","globalRole":"global:owner","workflowId":"ipTQvEEvjb2UKSSr","workflowName":"Newman - Juice Shop Tests"}}
{"__type":"$$EventMessageConfirm","confirm":"c97fcfe0-5fff-43bf-8fbd-c72cffbcae0d","ts":"2026-08-19T09:43:06.168+01:00","source":{"id":"0","name":"eventBus"}}
{"__type":"$$EventMessageAudit","id":"4085b345-ba83-4978-99e1-7309764ebf5f","ts":"2026-08-19T09:43:15.681+01:00","eventName":"n8n.audit.workflow.updated","message":"n8n.audit.workflow.updated","payload":{"userId":"2934ed8e-246f-40de-b9c4-3db63c015199","_email":"rojectpfa@outlook.com","_firstName":"project","_lastName":"pfa","globalRole":"global:owner","workflowId":"ipTQvEEvjb2UKSSr","workflowName":"Newman - Juice Shop Tests"}}
{"__type":"$$EventMessageConfirm","confirm":"4085b345-ba83-4978-99e1-7309764ebf5f","ts":"2026-08-19T09:43:15.681+01:00","source":{"id":"0","name":"eventBus"}}
{"__type":"$$EventMessageAudit","id":"d1acae8b-f755-4db1-ac6a-e13ecac0b247","ts":"2026-08-19T09:43:25.667+01:00","eventName":"n8n.audit.workflow.updated","message":"n8n.audit.workflow.updated","payload":{"userId":"2934ed8e-246f-40de-b9c4-3db63c015199","_email":"rojectpfa@outlook.com","_firstName":"project","_lastName":"pfa","globalRole":"global:owner","workflowId":"ipTQvEEvjb2UKSSr","workflowName":"Newman - Juice Shop Tests"}}
{"__type":"$$EventMessageConfirm","confirm":"d1acae8b-f755-4db1-ac6a-e13ecac0b247","ts":"2026-08-19T09:43:25.668+01:00","source":{"id":"0","name":"eventBus"}}
{"__type":"$$EventMessageAudit","id":"c12ef923-d025-447a-a56b-6f795c3598ba","ts":"2026-08-19T09:43:33.683+01:00","eventName":"n8n.audit.workflow.updated","message":"n8n.audit.workflow.updated","payload":{"userId":"2934ed8e-246f-40de-b9c4-3db63c015199","_email":"rojectpfa@outlook.com","_firstName":"project","_lastName":"pfa","globalRole":"global:owner","workflowId":"ipTQvEEvjb2UKSSr","workflowName":"Newman - Juice Shop Tests"}}
{"__type":"$$EventMessageConfirm","confirm":"c12ef923-d025-447a-a56b-6f795c3598ba","ts":"2026-08-19T09:43:33.683+01:00","source":{"id":"0","name":"eventBus"}}
{"__type":"$$EventMessageAudit","id":"13f3be48-173e-4369-82c5-38a4f513229d","ts":"2026-08-19T09:43:41.686+01:00","eventName":"n8n.audit.workflow.updated","message":"n8n.audit.workflow.updated","payload":{"userId":"2934ed8e-246f-40de-b9c4-3db63c015199","_email":"rojectpfa@outlook.com","_firstName":"project","_lastName":"pfa","globalRole":"global:owner","workflowId":"ipTQvEEvjb2UKSSr","workflowName":"Newman - Juice Shop Tests"}}
{"__type":"$$EventMessageConfirm","confirm":"13f3be48-173e-4369-82c5-38a4f513229d","ts":"2026-08-19T09:43:41.687+01:00","source":{"id":"0","name":"eventBus"}}
{"__type":"$$EventMessageAudit","id":"6614bdd9-3328-4147-99d0-f22bfe644609","ts":"2026-08-19T09:43:49.674+01:00","eventName":"n8n.audit.workflow.updated","message":"n8n.audit.workflow.updated","payload":{"userId":"2934ed8e-246f-40de-b9c4-3db63c015199","_email":"rojectpfa@outlook.com","_firstName":"project","_lastName":"pfa","globalRole":"global:owner","workflowId":"ipTQvEEvjb2UKSSr","workflowName":"Newman - Juice Shop Tests"}}
{"__type":"$$EventMessageConfirm","confirm":"6614bdd9-3328-4147-99d0-f22bfe644609","ts":"2026-08-19T09:43:49.674+01:00","source":{"id":"0","name":"eventBus"}}
{"__type":"$$EventMessageAudit","id":"57c5bbfe-4e36-43b9-ad4e-302f7232be44","ts":"2026-08-19T09:43:58.112+01:00","eventName":"n8n.audit.workflow.updated","message":"n8n.audit.workflow.updated","payload":{"userId":"2934ed8e-246f-40de-b9c4-3db63c015199","_email":"rojectpfa@outlook.com","_firstName":"project","_lastName":"pfa","globalRole":"global:owner","workflowId":"ipTQvEEvjb2UKSSr","workflowName":"Newman - Juice Shop Tests"}}
{"__type":"$$EventMessageConfirm","confirm":"57c5bbfe-4e36-43b9-ad4e-302f7232be44","ts":"2026-08-19T09:43:58.112+01:00","source":{"id":"0","name":"eventBus"}}
{"__type":"$$EventMessageAudit","id":"31a28e9c-483e-4f24-8f60-f6397816f9b5","ts":"2026-08-19T09:44:06.668+01:00","eventName":"n8n.audit.workflow.updated","message":"n8n.audit.workflow.updated","payload":{"userId":"2934ed8e-246f-40de-b9c4-3db63c015199","_email":"rojectpfa@outlook.com","_firstName":"project","_lastName":"pfa","globalRole":"global:owner","workflowId":"ipTQvEEvjb2UKSSr","workflowName":"Newman - Juice Shop Tests"}}
{"__type":"$$EventMessageConfirm","confirm":"31a28e9c-483e-4f24-8f60-f6397816f9b5","ts":"2026-08-19T09:44:06.668+01:00","source":{"id":"0","name":"eventBus"}}
{"__type":"$$EventMessageAudit","id":"08b69b49-de08-4b7a-8ec9-7fb712fb85d6","ts":"2026-08-19T09:44:13.683+01:00","eventName":"n8n.audit.workflow.updated","message":"n8n.audit.workflow.updated","payload":{"userId":"2934ed8e-246f-40de-b9c4-3db63c015199","_email":"rojectpfa@outlook.com","_firstName":"project","_lastName":"pfa","globalRole":"global:owner","workflowId":"ipTQvEEvjb2UKSSr","workflowName":"Newman - Juice Shop Tests"}}
{"__type":"$$EventMessageConfirm","confirm":"08b69b49-de08-4b7a-8ec9-7fb712fb85d6","ts":"2026-08-19T09:44:13.683+01:00","source":{"id":"0","name":"eventBus"}}
{"__type":"$$EventMessageAudit","id":"610abb48-e57c-4e66-9c36-7373a2d24fa7","ts":"2026-08-19T09:44:21.510+01:00","eventName":"n8n.audit.workflow.updated","message":"n8n.audit.workflow.updated","payload":{"userId":"2934ed8e-246f-40de-b9c4-3db63c015199","_email":"rojectpfa@outlook.com","_firstName":"project","_lastName":"pfa","globalRole":"global:owner","workflowId":"ipTQvEEvjb2UKSSr","workflowName":"Newman - Juice Shop Tests"}}
{"__type":"$$EventMessageConfirm","confirm":"610abb48-e57c-4e66-9c36-7373a2d24fa7","ts":"2026-08-19T09:44:21.511+01:00","source":{"id":"0","name":"eventBus"}}
{"__type":"$$EventMessageAudit","id":"e94f3158-0554-448d-b52e-373f42719768","ts":"2026-08-19T09:44:32.700+01:00","eventName":"n8n.audit.workflow.updated","message":"n8n.audit.workflow.updated","payload":{"userId":"2934ed8e-246f-40de-b9c4-3db63c015199","_email":"rojectpfa@outlook.com","_firstName":"project","_lastName":"pfa","globalRole":"global:owner","workflowId":"ipTQvEEvjb2UKSSr","workflowName":"Newman - Juice Shop Tests"}}
{"__type":"$$EventMessageConfirm","confirm":"e94f3158-0554-448d-b52e-373f42719768","ts":"2026-08-19T09:44:32.700+01:00","source":{"id":"0","name":"eventBus"}}
{"__type":"$$EventMessageAudit","id":"ff8ceee1-e651-4107-ba31-978f595c3fa8","ts":"2026-08-19T09:44:39.933+01:00","eventName":"n8n.audit.workflow.updated","message":"n8n.audit.workflow.updated","payload":{"userId":"2934ed8e-246f-40de-b9c4-3db63c015199","_email":"rojectpfa@outlook.com","_firstName":"project","_lastName":"pfa","globalRole":"global:owner","workflowId":"ipTQvEEvjb2UKSSr","workflowName":"Newman - Juice Shop Tests"}}
{"__type":"$$EventMessageConfirm","confirm":"ff8ceee1-e651-4107-ba31-978f595c3fa8","ts":"2026-08-19T09:44:39.934+01:00","source":{"id":"0","name":"eventBus"}}
{"__type":"$$EventMessageAudit","id":"3da11246-5535-4436-a4ea-4df6d88d097e","ts":"2026-08-19T09:44:52.792+01:00","eventName":"n8n.audit.workflow.updated","message":"n8n.audit.workflow.updated","payload":{"userId":"2934ed8e-246f-40de-b9c4-3db63c015199","_email":"rojectpfa@outlook.com","_firstName":"project","_lastName":"pfa","globalRole":"global:owner","workflowId":"ipTQvEEvjb2UKSSr","workflowName":"Newman - Juice Shop Tests"}}
{"__type":"$$EventMessageConfirm","confirm":"3da11246-5535-4436-a4ea-4df6d88d097e","ts":"2026-08-19T09:44:52.792+01:00","source":{"id":"0","name":"eventBus"}}
{"__type":"$$EventMessageAudit","id":"5579baa8-3ef4-4c9c-8ba0-7e5aa03b0894","ts":"2026-08-19T09:45:32.803+01:00","eventName":"n8n.audit.workflow.updated","message":"n8n.audit.workflow.updated","payload":{"userId":"2934ed8e-246f-40de-b9c4-3db63c015199","_email":"rojectpfa@outlook.com","_firstName":"project","_lastName":"pfa","globalRole":"global:owner","workflowId":"ipTQvEEvjb2UKSSr","workflowName":"Newman - Juice Shop Tests"}}
{"__type":"$$EventMessageConfirm","confirm":"5579baa8-3ef4-4c9c-8ba0-7e5aa03b0894","ts":"2026-08-19T09:45:32.803+01:00","source":{"id":"0","name":"eventBus"}}
{"__type":"$$EventMessageAudit","id":"fbf65a70-0787-4e1c-91ce-c4adc2e2f76d","ts":"2026-08-19T09:45:38.334+01:00","eventName":"n8n.audit.workflow.updated","message":"n8n.audit.workflow.updated","payload":{"userId":"2934ed8e-246f-40de-b9c4-3db63c015199","_email":"rojectpfa@outlook.com","_firstName":"project","_lastName":"pfa","globalRole":"global:owner","workflowId":"ipTQvEEvjb2UKSSr","workflowName":"Newman - Juice Shop Tests"}}
{"__type":"$$EventMessageConfirm","confirm":"fbf65a70-0787-4e1c-91ce-c4adc2e2f76d","ts":"2026-08-19T09:45:38.334+01:00","source":{"id":"0","name":"eventBus"}}
{"__type":"$$EventMessageAudit","id":"7d3d37a3-56dc-45a4-8a68-77e77532660c","ts":"2026-08-19T09:45:40.740+01:00","eventName":"n8n.audit.workflow.updated","message":"n8n.audit.workflow.updated","payload":{"userId":"2934ed8e-246f-40de-b9c4-3db63c015199","_email":"rojectpfa@outlook.com","_firstName":"project","_lastName":"pfa","globalRole":"global:owner","workflowId":"ipTQvEEvjb2UKSSr","workflowName":"Newman - Juice Shop Tests"}}
{"__type":"$$EventMessageConfirm","confirm":"7d3d37a3-56dc-45a4-8a68-77e77532660c","ts":"2026-08-19T09:45:40.740+01:00","source":{"id":"0","name":"eventBus"}}
{"__type":"$$EventMessageAudit","id":"93aede24-b5e1-4bdf-a701-454bce5fe403","ts":"2026-08-19T09:45:43.021+01:00","eventName":"n8n.audit.workflow.updated","message":"n8n.audit.workflow.updated","payload":{"userId":"2934ed8e-246f-40de-b9c4-3db63c015199","_email":"rojectpfa@outlook.com","_firstName":"project","_lastName":"pfa","globalRole":"global:owner","workflowId":"ipTQvEEvjb2UKSSr","workflowName":"Newman - Juice Shop Tests"}}
{"__type":"$$EventMessageConfirm","confirm":"93aede24-b5e1-4bdf-a701-454bce5fe403","ts":"2026-08-19T09:45:43.021+01:00","source":{"id":"0","name":"eventBus"}}
{"__type":"$$EventMessageAudit","id":"9451e2d4-dfc0-4de0-8be1-2aa5ec4403e3","ts":"2026-08-19T09:45:51.773+01:00","eventName":"n8n.audit.workflow.updated","message":"n8n.audit.workflow.updated","payload":{"userId":"2934ed8e-246f-40de-b9c4-3db63c015199","_email":"rojectpfa@outlook.com","_firstName":"project","_lastName":"pfa","globalRole":"global:owner","workflowId":"ipTQvEEvjb2UKSSr","workflowName":"Newman - Juice Shop Tests"}}
{"__type":"$$EventMessageConfirm","confirm":"9451e2d4-dfc0-4de0-8be1-2aa5ec4403e3","ts":"2026-08-19T09:45:51.773+01:00","source":{"id":"0","name":"eventBus"}}
{"__type":"$$EventMessageAudit","id":"89d48391-72a6-46b2-a775-06e765f89d31","ts":"2026-08-19T09:45:57.614+01:00","eventName":"n8n.audit.workflow.updated","message":"n8n.audit.workflow.updated","payload":{"userId":"2934ed8e-246f-40de-b9c4-3db63c015199","_email":"rojectpfa@outlook.com","_firstName":"project","_lastName":"pfa","globalRole":"global:owner","workflowId":"ipTQvEEvjb2UKSSr","workflowName":"Newman - Juice Shop Tests"}}
{"__type":"$$EventMessageConfirm","confirm":"89d48391-72a6-46b2-a775-06e765f89d31","ts":"2026-08-19T09:45:57.614+01:00","source":{"id":"0","name":"eventBus"}}
{"__type":"$$EventMessageAudit","id":"34711f18-413f-4b3e-a779-1dec632c71f4","ts":"2026-08-19T09:45:59.820+01:00","eventName":"n8n.audit.workflow.updated","message":"n8n.audit.workflow.updated","payload":{"userId":"2934ed8e-246f-40de-b9c4-3db63c015199","_email":"rojectpfa@outlook.com","_firstName":"project","_lastName":"pfa","globalRole":"global:owner","workflowId":"ipTQvEEvjb2UKSSr","workflowName":"Newman - Juice Shop Tests"}}
{"__type":"$$EventMessageConfirm","confirm":"34711f18-413f-4b3e-a779-1dec632c71f4","ts":"2026-08-19T09:45:59.820+01:00","source":{"id":"0","name":"eventBus"}}
{"__type":"$$EventMessageAudit","id":"53d97b6d-3e72-4d1c-a2d5-62e2467104c0","ts":"2026-08-19T09:46:01.563+01:00","eventName":"n8n.audit.workflow.updated","message":"n8n.audit.workflow.updated","payload":{"userId":"2934ed8e-246f-40de-b9c4-3db63c015199","_email":"rojectpfa@outlook.com","_firstName":"project","_lastName":"pfa","globalRole":"global:owner","workflowId":"ipTQvEEvjb2UKSSr","workflowName":"Newman - Juice Shop Tests"}}
{"__type":"$$EventMessageConfirm","confirm":"53d97b6d-3e72-4d1c-a2d5-62e2467104c0","ts":"2026-08-19T09:46:01.563+01:00","source":{"id":"0","name":"eventBus"}}
{"__type":"$$EventMessageAudit","id":"6040f852-2bae-462b-b654-d4999cf2437b","ts":"2026-08-19T09:46:04.730+01:00","eventName":"n8n.audit.workflow.updated","message":"n8n.audit.workflow.updated","payload":{"userId":"2934ed8e-246f-40de-b9c4-3db63c015199","_email":"rojectpfa@outlook.com","_firstName":"project","_lastName":"pfa","globalRole":"global:owner","workflowId":"ipTQvEEvjb2UKSSr","workflowName":"Newman - Juice Shop Tests"}}
{"__type":"$$EventMessageConfirm","confirm":"6040f852-2bae-462b-b654-d4999cf2437b","ts":"2026-08-19T09:46:04.730+01:00","source":{"id":"0","name":"eventBus"}}
{"__type":"$$EventMessageAudit","id":"421a1374-0542-41fb-8364-323d500cbdb6","ts":"2026-08-19T09:46:08.124+01:00","eventName":"n8n.audit.workflow.updated","message":"n8n.audit.workflow.updated","payload":{"userId":"2934ed8e-246f-40de-b9c4-3db63c015199","_email":"rojectpfa@outlook.com","_firstName":"project","_lastName":"pfa","globalRole":"global:owner","workflowId":"ipTQvEEvjb2UKSSr","workflowName":"Newman - Juice Shop Tests"}}
{"__type":"$$EventMessageConfirm","confirm":"421a1374-0542-41fb-8364-323d500cbdb6","ts":"2026-08-19T09:46:08.124+01:00","source":{"id":"0","name":"eventBus"}}
{"__type":"$$EventMessageAudit","id":"28787402-76f3-4102-8eb2-9c22f70aca44","ts":"2026-08-19T09:47:20.820+01:00","eventName":"n8n.audit.workflow.updated","message":"n8n.audit.workflow.updated","payload":{"userId":"2934ed8e-246f-40de-b9c4-3db63c015199","_email":"rojectpfa@outlook.com","_firstName":"project","_lastName":"pfa","globalRole":"global:owner","workflowId":"ipTQvEEvjb2UKSSr","workflowName":"Newman - Juice Shop Tests"}}
{"__type":"$$EventMessageConfirm","confirm":"28787402-76f3-4102-8eb2-9c22f70aca44","ts":"2026-08-19T09:47:20.820+01:00","source":{"id":"0","name":"eventBus"}}
{"__type":"$$EventMessageAudit","id":"ede921d7-c675-4e1c-9f6e-f43d91fb8d75","ts":"2026-08-19T09:47:27.775+01:00","eventName":"n8n.audit.workflow.updated","message":"n8n.audit.workflow.updated","payload":{"userId":"2934ed8e-246f-40de-b9c4-3db63c015199","_email":"rojectpfa@outlook.com","_firstName":"project","_lastName":"pfa","globalRole":"global:owner","workflowId":"ipTQvEEvjb2UKSSr","workflowName":"Newman - Juice Shop Tests"}}
{"__type":"$$EventMessageConfirm","confirm":"ede921d7-c675-4e1c-9f6e-f43d91fb8d75","ts":"2026-08-19T09:47:27.775+01:00","source":{"id":"0","name":"eventBus"}}
{"__type":"$$EventMessageAudit","id":"df46fa45-9778-4475-b8a6-0e0ee1eb997f","ts":"2026-08-19T09:47:53.473+01:00","eventName":"n8n.audit.workflow.updated","message":"n8n.audit.workflow.updated","payload":{"userId":"2934ed8e-246f-40de-b9c4-3db63c015199","_email":"rojectpfa@outlook.com","_firstName":"project","_lastName":"pfa","globalRole":"global:owner","workflowId":"ipTQvEEvjb2UKSSr","workflowName":"Newman - Juice Shop Tests"}}
{"__type":"$$EventMessageConfirm","confirm":"df46fa45-9778-4475-b8a6-0e0ee1eb997f","ts":"2026-08-19T09:47:53.473+01:00","source":{"id":"0","name":"eventBus"}}
{"__type":"$$EventMessageAudit","id":"6aa5b936-0341-4a9b-a625-65788de85cfc","ts":"2026-08-19T09:48:23.413+01:00","eventName":"n8n.audit.workflow.updated","message":"n8n.audit.workflow.updated","payload":{"userId":"2934ed8e-246f-40de-b9c4-3db63c015199","_email":"rojectpfa@outlook.com","_firstName":"project","_lastName":"pfa","globalRole":"global:owner","workflowId":"ipTQvEEvjb2UKSSr","workflowName":"Newman - Juice Shop Tests"}}
{"__type":"$$EventMessageConfirm","confirm":"6aa5b936-0341-4a9b-a625-65788de85cfc","ts":"2026-08-19T09:48:23.413+01:00","source":{"id":"0","name":"eventBus"}}
{"__type":"$$EventMessageAudit","id":"f10feb08-9a06-44ef-b4ef-659887cf7b49","ts":"2026-08-19T09:48:26.715+01:00","eventName":"n8n.audit.workflow.updated","message":"n8n.audit.workflow.updated","payload":{"userId":"2934ed8e-246f-40de-b9c4-3db63c015199","_email":"rojectpfa@outlook.com","_firstName":"project","_lastName":"pfa","globalRole":"global:owner","workflowId":"ipTQvEEvjb2UKSSr","workflowName":"Newman - Juice Shop Tests"}}
{"__type":"$$EventMessageConfirm","confirm":"f10feb08-9a06-44ef-b4ef-659887cf7b49","ts":"2026-08-19T09:48:26.715+01:00","source":{"id":"0","name":"eventBus"}}
{"__type":"$$EventMessageAudit","id":"8ca20499-c219-4951-b24a-135f4eb84f15","ts":"2026-08-19T09:48:26.794+01:00","eventName":"n8n.audit.workflow.executed","message":"n8n.audit.workflow.executed","payload":{"userId":"2934ed8e-246f-40de-b9c4-3db63c015199","_email":"rojectpfa@outlook.com","_firstName":"project","_lastName":"pfa","globalRole":"global:owner","workflowId":"ipTQvEEvjb2UKSSr","workflowName":"Newman - Juice Shop Tests","executionId":"24","projectId":"VRkJ3QtMy9NsT7G4","projectName":"project pfa <rojectpfa@outlook.com>","source":"user-manual"}}
{"__type":"$$EventMessageConfirm","confirm":"8ca20499-c219-4951-b24a-135f4eb84f15","ts":"2026-08-19T09:48:26.795+01:00","source":{"id":"0","name":"eventBus"}}
{"__type":"$$EventMessageWorkflow","id":"4689565e-4900-444a-bc1d-6721d5e02a64","ts":"2026-08-19T09:48:26.796+01:00","eventName":"n8n.workflow.started","message":"n8n.workflow.started","payload":{"executionId":"24","workflowId":"ipTQvEEvjb2UKSSr","isManual":false,"mode":"manual","workflowName":"Newman - Juice Shop Tests","projectId":"VRkJ3QtMy9NsT7G4","projectName":"project pfa <rojectpfa@outlook.com>"}}
{"__type":"$$EventMessageConfirm","confirm":"4689565e-4900-444a-bc1d-6721d5e02a64","ts":"2026-08-19T09:48:26.796+01:00","source":{"id":"0","name":"eventBus"}}
{"__type":"$$EventMessageNode","id":"9a6c2722-deed-44cf-acbb-70a5171aea07","ts":"2026-08-19T09:48:26.808+01:00","eventName":"n8n.node.started","message":"n8n.node.started","payload":{"workflowId":"ipTQvEEvjb2UKSSr","workflowName":"Newman - Juice Shop Tests","executionId":"24","nodeType":"n8n-nodes-base.manualTrigger","nodeName":"When clicking ‘Execute workflow’","nodeId":"6f4bb230-c1c3-40b0-8281-c8e8d013185d"}}
{"__type":"$$EventMessageConfirm","confirm":"9a6c2722-deed-44cf-acbb-70a5171aea07","ts":"2026-08-19T09:48:26.808+01:00","source":{"id":"0","name":"eventBus"}}
{"__type":"$$EventMessageNode","id":"886e5a9a-cad4-4bdd-b211-05eb2b0500bc","ts":"2026-08-19T09:48:26.810+01:00","eventName":"n8n.node.finished","message":"n8n.node.finished","payload":{"workflowId":"ipTQvEEvjb2UKSSr","workflowName":"Newman - Juice Shop Tests","executionId":"24","nodeType":"n8n-nodes-base.manualTrigger","nodeName":"When clicking ‘Execute workflow’","nodeId":"6f4bb230-c1c3-40b0-8281-c8e8d013185d"}}
{"__type":"$$EventMessageConfirm","confirm":"886e5a9a-cad4-4bdd-b211-05eb2b0500bc","ts":"2026-08-19T09:48:26.810+01:00","source":{"id":"0","name":"eventBus"}}
{"__type":"$$EventMessageNode","id":"6161a359-634c-4833-8898-7c544687b5bc","ts":"2026-08-19T09:48:26.812+01:00","eventName":"n8n.node.started","message":"n8n.node.started","payload":{"workflowId":"ipTQvEEvjb2UKSSr","workflowName":"Newman - Juice Shop Tests","executionId":"24","nodeType":"n8n-nodes-base.executeCommand","nodeName":"Execute Command  Newman","nodeId":"0ccb398f-e181-437e-8304-1e6aec49aa9a"}}
{"__type":"$$EventMessageConfirm","confirm":"6161a359-634c-4833-8898-7c544687b5bc","ts":"2026-08-19T09:48:26.812+01:00","source":{"id":"0","name":"eventBus"}}
{"__type":"$$EventMessageNode","id":"f3523215-2c56-4713-a6a1-eb991c6dbe32","ts":"2026-08-19T09:48:26.840+01:00","eventName":"n8n.node.finished","message":"n8n.node.finished","payload":{"workflowId":"ipTQvEEvjb2UKSSr","workflowName":"Newman - Juice Shop Tests","executionId":"24","nodeType":"n8n-nodes-base.executeCommand","nodeName":"Execute Command  Newman","nodeId":"0ccb398f-e181-437e-8304-1e6aec49aa9a"}}
{"__type":"$$EventMessageConfirm","confirm":"f3523215-2c56-4713-a6a1-eb991c6dbe32","ts":"2026-08-19T09:48:26.841+01:00","source":{"id":"0","name":"eventBus"}}
{"__type":"$$EventMessageNode","id":"03236144-a1ca-4689-9f1b-89d7b09719aa","ts":"2026-08-19T09:48:26.846+01:00","eventName":"n8n.node.started","message":"n8n.node.started","payload":{"workflowId":"ipTQvEEvjb2UKSSr","workflowName":"Newman - Juice Shop Tests","executionId":"24","nodeType":"n8n-nodes-base.code","nodeName":"Json Newman","nodeId":"5235daad-32fd-4a2e-ace0-ca0816d8e4e3"}}
{"__type":"$$EventMessageConfirm","confirm":"03236144-a1ca-4689-9f1b-89d7b09719aa","ts":"2026-08-19T09:48:26.846+01:00","source":{"id":"0","name":"eventBus"}}
{"__type":"$$EventMessageRunner","id":"66173314-209c-4a90-9cd2-752e44a35f99","ts":"2026-08-19T09:48:26.848+01:00","eventName":"n8n.runner.task.requested","message":"n8n.runner.task.requested","payload":{"taskId":"cTbYVxyH","nodeId":"5235daad-32fd-4a2e-ace0-ca0816d8e4e3","workflowId":"ipTQvEEvjb2UKSSr","executionId":"24"}}
{"__type":"$$EventMessageConfirm","confirm":"66173314-209c-4a90-9cd2-752e44a35f99","ts":"2026-08-19T09:48:26.848+01:00","source":{"id":"0","name":"eventBus"}}
{"__type":"$$EventMessageRunner","id":"7bd7a34f-46ab-4650-9f37-431070b3ec4e","ts":"2026-08-19T09:48:26.862+01:00","eventName":"n8n.runner.response.received","message":"n8n.runner.response.received","payload":{"taskId":"cTbYVxyH","nodeId":"5235daad-32fd-4a2e-ace0-ca0816d8e4e3","workflowId":"ipTQvEEvjb2UKSSr","executionId":"24"}}
{"__type":"$$EventMessageConfirm","confirm":"7bd7a34f-46ab-4650-9f37-431070b3ec4e","ts":"2026-08-19T09:48:26.862+01:00","source":{"id":"0","name":"eventBus"}}
{"__type":"$$EventMessageNode","id":"cd1720dc-8aba-4349-a443-245c6ef17253","ts":"2026-08-19T09:48:26.862+01:00","eventName":"n8n.node.finished","message":"n8n.node.finished","payload":{"workflowId":"ipTQvEEvjb2UKSSr","workflowName":"Newman - Juice Shop Tests","executionId":"24","nodeType":"n8n-nodes-base.code","nodeName":"Json Newman","nodeId":"5235daad-32fd-4a2e-ace0-ca0816d8e4e3"}}
{"__type":"$$EventMessageConfirm","confirm":"cd1720dc-8aba-4349-a443-245c6ef17253","ts":"2026-08-19T09:48:26.862+01:00","source":{"id":"0","name":"eventBus"}}
{"__type":"$$EventMessageNode","id":"fb4d48d5-f554-48d4-8504-a1d0a6ff11d0","ts":"2026-08-19T09:48:26.863+01:00","eventName":"n8n.node.started","message":"n8n.node.started","payload":{"workflowId":"ipTQvEEvjb2UKSSr","workflowName":"Newman - Juice Shop Tests","executionId":"24","nodeType":"n8n-nodes-base.executeCommand","nodeName":"Execute Command  Cypress","nodeId":"73f65794-ee07-485a-8ce5-3c6e9b0f7188"}}
{"__type":"$$EventMessageConfirm","confirm":"fb4d48d5-f554-48d4-8504-a1d0a6ff11d0","ts":"2026-08-19T09:48:26.864+01:00","source":{"id":"0","name":"eventBus"}}
{"__type":"$$EventMessageNode","id":"9d76aaf4-17bc-44b0-94c4-da30e364cbe1","ts":"2026-08-19T09:48:26.890+01:00","eventName":"n8n.node.finished","message":"n8n.node.finished","payload":{"workflowId":"ipTQvEEvjb2UKSSr","workflowName":"Newman - Juice Shop Tests","executionId":"24","nodeType":"n8n-nodes-base.executeCommand","nodeName":"Execute Command  Cypress","nodeId":"73f65794-ee07-485a-8ce5-3c6e9b0f7188"}}
{"__type":"$$EventMessageConfirm","confirm":"9d76aaf4-17bc-44b0-94c4-da30e364cbe1","ts":"2026-08-19T09:48:26.890+01:00","source":{"id":"0","name":"eventBus"}}
{"__type":"$$EventMessageNode","id":"8bfce37a-4ec7-478d-a67f-8e699ff1f239","ts":"2026-08-19T09:48:26.892+01:00","eventName":"n8n.node.started","message":"n8n.node.started","payload":{"workflowId":"ipTQvEEvjb2UKSSr","workflowName":"Newman - Juice Shop Tests","executionId":"24","nodeType":"n8n-nodes-base.code","nodeName":"Json Cypress","nodeId":"3d8b6114-7f38-4884-a052-98f5310d054f"}}
{"__type":"$$EventMessageConfirm","confirm":"8bfce37a-4ec7-478d-a67f-8e699ff1f239","ts":"2026-08-19T09:48:26.892+01:00","source":{"id":"0","name":"eventBus"}}
{"__type":"$$EventMessageRunner","id":"491c4963-09bf-4117-958a-02e394ca222e","ts":"2026-08-19T09:48:26.894+01:00","eventName":"n8n.runner.task.requested","message":"n8n.runner.task.requested","payload":{"taskId":"F4NpZ0Dq","nodeId":"3d8b6114-7f38-4884-a052-98f5310d054f","workflowId":"ipTQvEEvjb2UKSSr","executionId":"24"}}
{"__type":"$$EventMessageConfirm","confirm":"491c4963-09bf-4117-958a-02e394ca222e","ts":"2026-08-19T09:48:26.894+01:00","source":{"id":"0","name":"eventBus"}}
{"__type":"$$EventMessageRunner","id":"66569868-d966-40c0-b3e4-460a5ee4ede7","ts":"2026-08-19T09:48:26.903+01:00","eventName":"n8n.runner.response.received","message":"n8n.runner.response.received","payload":{"taskId":"F4NpZ0Dq","nodeId":"3d8b6114-7f38-4884-a052-98f5310d054f","workflowId":"ipTQvEEvjb2UKSSr","executionId":"24"}}
{"__type":"$$EventMessageConfirm","confirm":"66569868-d966-40c0-b3e4-460a5ee4ede7","ts":"2026-08-19T09:48:26.903+01:00","source":{"id":"0","name":"eventBus"}}
{"__type":"$$EventMessageNode","id":"ffb37840-8654-4d64-b8f5-dcfe618c83f1","ts":"2026-08-19T09:48:26.903+01:00","eventName":"n8n.node.finished","message":"n8n.node.finished","payload":{"workflowId":"ipTQvEEvjb2UKSSr","workflowName":"Newman - Juice Shop Tests","executionId":"24","nodeType":"n8n-nodes-base.code","nodeName":"Json Cypress","nodeId":"3d8b6114-7f38-4884-a052-98f5310d054f"}}
{"__type":"$$EventMessageConfirm","confirm":"ffb37840-8654-4d64-b8f5-dcfe618c83f1","ts":"2026-08-19T09:48:26.903+01:00","source":{"id":"0","name":"eventBus"}}
{"__type":"$$EventMessageNode","id":"e6f95287-0554-4bbd-a19a-feeb3d14918d","ts":"2026-08-19T09:48:26.904+01:00","eventName":"n8n.node.started","message":"n8n.node.started","payload":{"workflowId":"ipTQvEEvjb2UKSSr","workflowName":"Newman - Juice Shop Tests","executionId":"24","nodeType":"n8n-nodes-base.code","nodeName":"Results echec JSON","nodeId":"3e0fd6e7-cdbc-4098-a1a7-b09daa56b9fc"}}
{"__type":"$$EventMessageConfirm","confirm":"e6f95287-0554-4bbd-a19a-feeb3d14918d","ts":"2026-08-19T09:48:26.904+01:00","source":{"id":"0","name":"eventBus"}}
{"__type":"$$EventMessageRunner","id":"cfd6fadc-e2e6-4eed-83f1-6d1f9a065c9b","ts":"2026-08-19T09:48:26.907+01:00","eventName":"n8n.runner.task.requested","message":"n8n.runner.task.requested","payload":{"taskId":"rGVa6l5Q","nodeId":"3e0fd6e7-cdbc-4098-a1a7-b09daa56b9fc","workflowId":"ipTQvEEvjb2UKSSr","executionId":"24"}}
{"__type":"$$EventMessageConfirm","confirm":"cfd6fadc-e2e6-4eed-83f1-6d1f9a065c9b","ts":"2026-08-19T09:48:26.907+01:00","source":{"id":"0","name":"eventBus"}}
{"__type":"$$EventMessageRunner","id":"cb583c27-117a-4483-8a3e-69b494fbd15c","ts":"2026-08-19T09:48:26.914+01:00","eventName":"n8n.runner.response.received","message":"n8n.runner.response.received","payload":{"taskId":"rGVa6l5Q","nodeId":"3e0fd6e7-cdbc-4098-a1a7-b09daa56b9fc","workflowId":"ipTQvEEvjb2UKSSr","executionId":"24"}}
{"__type":"$$EventMessageConfirm","confirm":"cb583c27-117a-4483-8a3e-69b494fbd15c","ts":"2026-08-19T09:48:26.914+01:00","source":{"id":"0","name":"eventBus"}}
{"__type":"$$EventMessageNode","id":"6293ef71-f7ff-43c3-90a7-dd3a0f382c79","ts":"2026-08-19T09:48:26.914+01:00","eventName":"n8n.node.finished","message":"n8n.node.finished","payload":{"workflowId":"ipTQvEEvjb2UKSSr","workflowName":"Newman - Juice Shop Tests","executionId":"24","nodeType":"n8n-nodes-base.code","nodeName":"Results echec JSON","nodeId":"3e0fd6e7-cdbc-4098-a1a7-b09daa56b9fc"}}
{"__type":"$$EventMessageConfirm","confirm":"6293ef71-f7ff-43c3-90a7-dd3a0f382c79","ts":"2026-08-19T09:48:26.914+01:00","source":{"id":"0","name":"eventBus"}}
{"__type":"$$EventMessageNode","id":"802177e3-2177-4ff8-a936-c3b339a416ee","ts":"2026-08-19T09:48:26.915+01:00","eventName":"n8n.node.started","message":"n8n.node.started","payload":{"workflowId":"ipTQvEEvjb2UKSSr","workflowName":"Newman - Juice Shop Tests","executionId":"24","nodeType":"n8n-nodes-base.if","nodeName":"If","nodeId":"f8efa516-b7dd-4c68-8d3a-c1411819c13f"}}
{"__type":"$$EventMessageConfirm","confirm":"802177e3-2177-4ff8-a936-c3b339a416ee","ts":"2026-08-19T09:48:26.915+01:00","source":{"id":"0","name":"eventBus"}}
{"__type":"$$EventMessageNode","id":"dd16129c-c089-4c2c-bc3b-3e498f94a06a","ts":"2026-08-19T09:48:26.917+01:00","eventName":"n8n.node.finished","message":"n8n.node.finished","payload":{"workflowId":"ipTQvEEvjb2UKSSr","workflowName":"Newman - Juice Shop Tests","executionId":"24","nodeType":"n8n-nodes-base.if","nodeName":"If","nodeId":"f8efa516-b7dd-4c68-8d3a-c1411819c13f"}}
{"__type":"$$EventMessageConfirm","confirm":"dd16129c-c089-4c2c-bc3b-3e498f94a06a","ts":"2026-08-19T09:48:26.917+01:00","source":{"id":"0","name":"eventBus"}}
{"__type":"$$EventMessageNode","id":"57ddcd5f-9a47-4be9-9ff1-1e53b2b9bc5e","ts":"2026-08-19T09:48:26.918+01:00","eventName":"n8n.node.started","message":"n8n.node.started","payload":{"workflowId":"ipTQvEEvjb2UKSSr","workflowName":"Newman - Juice Shop Tests","executionId":"24","nodeType":"@n8n/n8n-nodes-langchain.googleGemini","nodeName":"Message a model","nodeId":"6c02d02f-a973-4598-a1f3-9d773f6ff14f"}}
{"__type":"$$EventMessageConfirm","confirm":"57ddcd5f-9a47-4be9-9ff1-1e53b2b9bc5e","ts":"2026-08-19T09:48:26.918+01:00","source":{"id":"0","name":"eventBus"}}
{"__type":"$$EventMessageNode","id":"2103a0fd-2674-47d5-89cb-8cec3762100a","ts":"2026-08-19T09:48:30.958+01:00","eventName":"n8n.node.finished","message":"n8n.node.finished","payload":{"workflowId":"ipTQvEEvjb2UKSSr","workflowName":"Newman - Juice Shop Tests","executionId":"24","nodeType":"@n8n/n8n-nodes-langchain.googleGemini","nodeName":"Message a model","nodeId":"6c02d02f-a973-4598-a1f3-9d773f6ff14f"}}
{"__type":"$$EventMessageConfirm","confirm":"2103a0fd-2674-47d5-89cb-8cec3762100a","ts":"2026-08-19T09:48:30.958+01:00","source":{"id":"0","name":"eventBus"}}
{"__type":"$$EventMessageNode","id":"55aec6be-52e8-4013-90b3-9419afd7817b","ts":"2026-08-19T09:48:30.960+01:00","eventName":"n8n.node.started","message":"n8n.node.started","payload":{"workflowId":"ipTQvEEvjb2UKSSr","workflowName":"Newman - Juice Shop Tests","executionId":"24","nodeType":"n8n-nodes-base.postgres","nodeName":"Insert rows in a table","nodeId":"c53f7362-82a8-4732-b053-feef910bd601"}}
{"__type":"$$EventMessageConfirm","confirm":"55aec6be-52e8-4013-90b3-9419afd7817b","ts":"2026-08-19T09:48:30.960+01:00","source":{"id":"0","name":"eventBus"}}
{"__type":"$$EventMessageNode","id":"faec1d20-6c3d-4a6b-90a5-f825ddb6dab2","ts":"2026-08-19T09:48:31.132+01:00","eventName":"n8n.node.finished","message":"n8n.node.finished","payload":{"workflowId":"ipTQvEEvjb2UKSSr","workflowName":"Newman - Juice Shop Tests","executionId":"24","nodeType":"n8n-nodes-base.postgres","nodeName":"Insert rows in a table","nodeId":"c53f7362-82a8-4732-b053-feef910bd601"}}
{"__type":"$$EventMessageConfirm","confirm":"faec1d20-6c3d-4a6b-90a5-f825ddb6dab2","ts":"2026-08-19T09:48:31.132+01:00","source":{"id":"0","name":"eventBus"}}
{"__type":"$$EventMessageNode","id":"7d6c5d37-8454-4760-bc25-886b79f79036","ts":"2026-08-19T09:48:31.133+01:00","eventName":"n8n.node.started","message":"n8n.node.started","payload":{"workflowId":"ipTQvEEvjb2UKSSr","workflowName":"Newman - Juice Shop Tests","executionId":"24","nodeType":"n8n-nodes-base.discord","nodeName":"Discord","nodeId":"b4d3f54b-2c74-4bf2-a9e8-840ef5c16556"}}
{"__type":"$$EventMessageConfirm","confirm":"7d6c5d37-8454-4760-bc25-886b79f79036","ts":"2026-08-19T09:48:31.133+01:00","source":{"id":"0","name":"eventBus"}}
{"__type":"$$EventMessageNode","id":"b2ad0703-97b3-4a84-90f0-77fe6d45eb94","ts":"2026-08-19T09:48:31.547+01:00","eventName":"n8n.node.finished","message":"n8n.node.finished","payload":{"workflowId":"ipTQvEEvjb2UKSSr","workflowName":"Newman - Juice Shop Tests","executionId":"24","nodeType":"n8n-nodes-base.discord","nodeName":"Discord","nodeId":"b4d3f54b-2c74-4bf2-a9e8-840ef5c16556"}}
{"__type":"$$EventMessageConfirm","confirm":"b2ad0703-97b3-4a84-90f0-77fe6d45eb94","ts":"2026-08-19T09:48:31.547+01:00","source":{"id":"0","name":"eventBus"}}
{"__type":"$$EventMessageWorkflow","id":"ae8af632-323c-4b66-96ab-b7a54b313a62","ts":"2026-08-19T09:48:31.556+01:00","eventName":"n8n.workflow.failed","message":"n8n.workflow.failed","payload":{"userId":"2934ed8e-246f-40de-b9c4-3db63c015199","executionId":"24","success":false,"isManual":true,"mode":"manual","workflowId":"ipTQvEEvjb2UKSSr","workflowName":"Newman - Juice Shop Tests","projectId":"VRkJ3QtMy9NsT7G4","projectName":"project pfa <rojectpfa@outlook.com>","lastNodeExecuted":"Discord","errorNodeType":"n8n-nodes-base.discord","errorMessage":"Cannot send an empty message"}}
{"__type":"$$EventMessageConfirm","confirm":"ae8af632-323c-4b66-96ab-b7a54b313a62","ts":"2026-08-19T09:48:31.556+01:00","source":{"id":"0","name":"eventBus"}}
{"__type":"$$EventMessageAudit","id":"6f4dbdd2-7560-4b6d-8ebe-cba2d8952c0a","ts":"2026-08-19T09:49:57.731+01:00","eventName":"n8n.audit.workflow.updated","message":"n8n.audit.workflow.updated","payload":{"userId":"2934ed8e-246f-40de-b9c4-3db63c015199","_email":"rojectpfa@outlook.com","_firstName":"project","_lastName":"pfa","globalRole":"global:owner","workflowId":"ipTQvEEvjb2UKSSr","workflowName":"Newman - Juice Shop Tests"}}
{"__type":"$$EventMessageConfirm","confirm":"6f4dbdd2-7560-4b6d-8ebe-cba2d8952c0a","ts":"2026-08-19T09:49:57.731+01:00","source":{"id":"0","name":"eventBus"}}
{"__type":"$$EventMessageAudit","id":"0de3cf5d-7855-4c5f-9a8e-fb03d103a5d4","ts":"2026-08-19T09:50:00.803+01:00","eventName":"n8n.audit.workflow.executed","message":"n8n.audit.workflow.executed","payload":{"userId":"2934ed8e-246f-40de-b9c4-3db63c015199","_email":"rojectpfa@outlook.com","_firstName":"project","_lastName":"pfa","globalRole":"global:owner","workflowId":"ipTQvEEvjb2UKSSr","workflowName":"Newman - Juice Shop Tests","executionId":"25","projectId":"VRkJ3QtMy9NsT7G4","projectName":"project pfa <rojectpfa@outlook.com>","source":"user-manual"}}
{"__type":"$$EventMessageConfirm","confirm":"0de3cf5d-7855-4c5f-9a8e-fb03d103a5d4","ts":"2026-08-19T09:50:00.804+01:00","source":{"id":"0","name":"eventBus"}}
{"__type":"$$EventMessageWorkflow","id":"b205ef5a-492d-4227-a505-0a63ea69982c","ts":"2026-08-19T09:50:00.806+01:00","eventName":"n8n.workflow.started","message":"n8n.workflow.started","payload":{"executionId":"25","workflowId":"ipTQvEEvjb2UKSSr","isManual":false,"mode":"manual","workflowName":"Newman - Juice Shop Tests","projectId":"VRkJ3QtMy9NsT7G4","projectName":"project pfa <rojectpfa@outlook.com>"}}
{"__type":"$$EventMessageConfirm","confirm":"b205ef5a-492d-4227-a505-0a63ea69982c","ts":"2026-08-19T09:50:00.806+01:00","source":{"id":"0","name":"eventBus"}}
{"__type":"$$EventMessageNode","id":"53bd5810-a899-48d4-8f06-cf539f78fdf5","ts":"2026-08-19T09:50:00.820+01:00","eventName":"n8n.node.started","message":"n8n.node.started","payload":{"workflowId":"ipTQvEEvjb2UKSSr","workflowName":"Newman - Juice Shop Tests","executionId":"25","nodeType":"n8n-nodes-base.manualTrigger","nodeName":"When clicking ‘Execute workflow’","nodeId":"6f4bb230-c1c3-40b0-8281-c8e8d013185d"}}
{"__type":"$$EventMessageConfirm","confirm":"53bd5810-a899-48d4-8f06-cf539f78fdf5","ts":"2026-08-19T09:50:00.820+01:00","source":{"id":"0","name":"eventBus"}}
{"__type":"$$EventMessageNode","id":"44b95d41-b331-4dd3-8067-f2978d991601","ts":"2026-08-19T09:50:00.821+01:00","eventName":"n8n.node.finished","message":"n8n.node.finished","payload":{"workflowId":"ipTQvEEvjb2UKSSr","workflowName":"Newman - Juice Shop Tests","executionId":"25","nodeType":"n8n-nodes-base.manualTrigger","nodeName":"When clicking ‘Execute workflow’","nodeId":"6f4bb230-c1c3-40b0-8281-c8e8d013185d"}}
{"__type":"$$EventMessageConfirm","confirm":"44b95d41-b331-4dd3-8067-f2978d991601","ts":"2026-08-19T09:50:00.821+01:00","source":{"id":"0","name":"eventBus"}}
{"__type":"$$EventMessageNode","id":"f716dbe3-e63c-4bd5-bd78-e816fce8a174","ts":"2026-08-19T09:50:00.822+01:00","eventName":"n8n.node.started","message":"n8n.node.started","payload":{"workflowId":"ipTQvEEvjb2UKSSr","workflowName":"Newman - Juice Shop Tests","executionId":"25","nodeType":"n8n-nodes-base.executeCommand","nodeName":"Execute Command  Newman","nodeId":"0ccb398f-e181-437e-8304-1e6aec49aa9a"}}
{"__type":"$$EventMessageConfirm","confirm":"f716dbe3-e63c-4bd5-bd78-e816fce8a174","ts":"2026-08-19T09:50:00.822+01:00","source":{"id":"0","name":"eventBus"}}
{"__type":"$$EventMessageNode","id":"adda6e36-13ae-454b-b686-ea60d6bf8d60","ts":"2026-08-19T09:50:00.845+01:00","eventName":"n8n.node.finished","message":"n8n.node.finished","payload":{"workflowId":"ipTQvEEvjb2UKSSr","workflowName":"Newman - Juice Shop Tests","executionId":"25","nodeType":"n8n-nodes-base.executeCommand","nodeName":"Execute Command  Newman","nodeId":"0ccb398f-e181-437e-8304-1e6aec49aa9a"}}
{"__type":"$$EventMessageConfirm","confirm":"adda6e36-13ae-454b-b686-ea60d6bf8d60","ts":"2026-08-19T09:50:00.845+01:00","source":{"id":"0","name":"eventBus"}}
{"__type":"$$EventMessageNode","id":"3d2f78c0-729c-4b90-b230-536f8df87884","ts":"2026-08-19T09:50:00.849+01:00","eventName":"n8n.node.started","message":"n8n.node.started","payload":{"workflowId":"ipTQvEEvjb2UKSSr","workflowName":"Newman - Juice Shop Tests","executionId":"25","nodeType":"n8n-nodes-base.code","nodeName":"Json Newman","nodeId":"5235daad-32fd-4a2e-ace0-ca0816d8e4e3"}}
{"__type":"$$EventMessageConfirm","confirm":"3d2f78c0-729c-4b90-b230-536f8df87884","ts":"2026-08-19T09:50:00.850+01:00","source":{"id":"0","name":"eventBus"}}
{"__type":"$$EventMessageRunner","id":"5c13d2d2-dbeb-4f7e-af04-e6a1d63989f5","ts":"2026-08-19T09:50:00.851+01:00","eventName":"n8n.runner.task.requested","message":"n8n.runner.task.requested","payload":{"taskId":"QflPJ6x4","nodeId":"5235daad-32fd-4a2e-ace0-ca0816d8e4e3","workflowId":"ipTQvEEvjb2UKSSr","executionId":"25"}}
{"__type":"$$EventMessageConfirm","confirm":"5c13d2d2-dbeb-4f7e-af04-e6a1d63989f5","ts":"2026-08-19T09:50:00.852+01:00","source":{"id":"0","name":"eventBus"}}
{"__type":"$$EventMessageRunner","id":"d19500c8-0547-4305-adf8-8fba0207d026","ts":"2026-08-19T09:50:00.862+01:00","eventName":"n8n.runner.response.received","message":"n8n.runner.response.received","payload":{"taskId":"QflPJ6x4","nodeId":"5235daad-32fd-4a2e-ace0-ca0816d8e4e3","workflowId":"ipTQvEEvjb2UKSSr","executionId":"25"}}
{"__type":"$$EventMessageConfirm","confirm":"d19500c8-0547-4305-adf8-8fba0207d026","ts":"2026-08-19T09:50:00.862+01:00","source":{"id":"0","name":"eventBus"}}
{"__type":"$$EventMessageNode","id":"b36c3a4c-6b6b-4af6-8535-8de9b5bf799b","ts":"2026-08-19T09:50:00.863+01:00","eventName":"n8n.node.finished","message":"n8n.node.finished","payload":{"workflowId":"ipTQvEEvjb2UKSSr","workflowName":"Newman - Juice Shop Tests","executionId":"25","nodeType":"n8n-nodes-base.code","nodeName":"Json Newman","nodeId":"5235daad-32fd-4a2e-ace0-ca0816d8e4e3"}}
{"__type":"$$EventMessageConfirm","confirm":"b36c3a4c-6b6b-4af6-8535-8de9b5bf799b","ts":"2026-08-19T09:50:00.863+01:00","source":{"id":"0","name":"eventBus"}}
{"__type":"$$EventMessageNode","id":"fa2af0ba-20c6-4583-bd80-5cb7521dc82a","ts":"2026-08-19T09:50:00.864+01:00","eventName":"n8n.node.started","message":"n8n.node.started","payload":{"workflowId":"ipTQvEEvjb2UKSSr","workflowName":"Newman - Juice Shop Tests","executionId":"25","nodeType":"n8n-nodes-base.executeCommand","nodeName":"Execute Command  Cypress","nodeId":"73f65794-ee07-485a-8ce5-3c6e9b0f7188"}}
{"__type":"$$EventMessageConfirm","confirm":"fa2af0ba-20c6-4583-bd80-5cb7521dc82a","ts":"2026-08-19T09:50:00.864+01:00","source":{"id":"0","name":"eventBus"}}
{"__type":"$$EventMessageNode","id":"0dc7136d-4862-440c-a6c5-367dc4345df7","ts":"2026-08-19T09:50:00.874+01:00","eventName":"n8n.node.finished","message":"n8n.node.finished","payload":{"workflowId":"ipTQvEEvjb2UKSSr","workflowName":"Newman - Juice Shop Tests","executionId":"25","nodeType":"n8n-nodes-base.executeCommand","nodeName":"Execute Command  Cypress","nodeId":"73f65794-ee07-485a-8ce5-3c6e9b0f7188"}}
{"__type":"$$EventMessageConfirm","confirm":"0dc7136d-4862-440c-a6c5-367dc4345df7","ts":"2026-08-19T09:50:00.874+01:00","source":{"id":"0","name":"eventBus"}}
{"__type":"$$EventMessageNode","id":"a04c340e-4497-4da0-8c21-5fc7d4bb3357","ts":"2026-08-19T09:50:00.875+01:00","eventName":"n8n.node.started","message":"n8n.node.started","payload":{"workflowId":"ipTQvEEvjb2UKSSr","workflowName":"Newman - Juice Shop Tests","executionId":"25","nodeType":"n8n-nodes-base.code","nodeName":"Json Cypress","nodeId":"3d8b6114-7f38-4884-a052-98f5310d054f"}}
{"__type":"$$EventMessageConfirm","confirm":"a04c340e-4497-4da0-8c21-5fc7d4bb3357","ts":"2026-08-19T09:50:00.876+01:00","source":{"id":"0","name":"eventBus"}}
{"__type":"$$EventMessageRunner","id":"2a23f293-0e41-4f85-85f7-623eb9e26872","ts":"2026-08-19T09:50:00.877+01:00","eventName":"n8n.runner.task.requested","message":"n8n.runner.task.requested","payload":{"taskId":"drzGMYUB","nodeId":"3d8b6114-7f38-4884-a052-98f5310d054f","workflowId":"ipTQvEEvjb2UKSSr","executionId":"25"}}
{"__type":"$$EventMessageConfirm","confirm":"2a23f293-0e41-4f85-85f7-623eb9e26872","ts":"2026-08-19T09:50:00.877+01:00","source":{"id":"0","name":"eventBus"}}
{"__type":"$$EventMessageRunner","id":"9ef3927f-1fc8-45bc-9570-65404d94f96e","ts":"2026-08-19T09:50:00.884+01:00","eventName":"n8n.runner.response.received","message":"n8n.runner.response.received","payload":{"taskId":"drzGMYUB","nodeId":"3d8b6114-7f38-4884-a052-98f5310d054f","workflowId":"ipTQvEEvjb2UKSSr","executionId":"25"}}
{"__type":"$$EventMessageConfirm","confirm":"9ef3927f-1fc8-45bc-9570-65404d94f96e","ts":"2026-08-19T09:50:00.884+01:00","source":{"id":"0","name":"eventBus"}}
{"__type":"$$EventMessageNode","id":"3f246564-ed8e-4fd0-959d-a063b951b93c","ts":"2026-08-19T09:50:00.884+01:00","eventName":"n8n.node.finished","message":"n8n.node.finished","payload":{"workflowId":"ipTQvEEvjb2UKSSr","workflowName":"Newman - Juice Shop Tests","executionId":"25","nodeType":"n8n-nodes-base.code","nodeName":"Json Cypress","nodeId":"3d8b6114-7f38-4884-a052-98f5310d054f"}}
{"__type":"$$EventMessageConfirm","confirm":"3f246564-ed8e-4fd0-959d-a063b951b93c","ts":"2026-08-19T09:50:00.884+01:00","source":{"id":"0","name":"eventBus"}}
{"__type":"$$EventMessageNode","id":"e70177b7-2923-4997-8b2d-933b3ffb6eb7","ts":"2026-08-19T09:50:00.885+01:00","eventName":"n8n.node.started","message":"n8n.node.started","payload":{"workflowId":"ipTQvEEvjb2UKSSr","workflowName":"Newman - Juice Shop Tests","executionId":"25","nodeType":"n8n-nodes-base.code","nodeName":"Results echec JSON","nodeId":"3e0fd6e7-cdbc-4098-a1a7-b09daa56b9fc"}}
{"__type":"$$EventMessageConfirm","confirm":"e70177b7-2923-4997-8b2d-933b3ffb6eb7","ts":"2026-08-19T09:50:00.885+01:00","source":{"id":"0","name":"eventBus"}}
{"__type":"$$EventMessageRunner","id":"f23d0dfc-81e9-4927-aaf4-72c4a65055b1","ts":"2026-08-19T09:50:00.887+01:00","eventName":"n8n.runner.task.requested","message":"n8n.runner.task.requested","payload":{"taskId":"qKcToY8k","nodeId":"3e0fd6e7-cdbc-4098-a1a7-b09daa56b9fc","workflowId":"ipTQvEEvjb2UKSSr","executionId":"25"}}
{"__type":"$$EventMessageConfirm","confirm":"f23d0dfc-81e9-4927-aaf4-72c4a65055b1","ts":"2026-08-19T09:50:00.887+01:00","source":{"id":"0","name":"eventBus"}}
{"__type":"$$EventMessageRunner","id":"3e8e8ef8-a8bc-4c1a-b0bc-a6dd5e83f810","ts":"2026-08-19T09:50:00.894+01:00","eventName":"n8n.runner.response.received","message":"n8n.runner.response.received","payload":{"taskId":"qKcToY8k","nodeId":"3e0fd6e7-cdbc-4098-a1a7-b09daa56b9fc","workflowId":"ipTQvEEvjb2UKSSr","executionId":"25"}}
{"__type":"$$EventMessageConfirm","confirm":"3e8e8ef8-a8bc-4c1a-b0bc-a6dd5e83f810","ts":"2026-08-19T09:50:00.894+01:00","source":{"id":"0","name":"eventBus"}}
{"__type":"$$EventMessageNode","id":"b0df5ddb-d9ea-4de3-84be-b214e7091c0c","ts":"2026-08-19T09:50:00.895+01:00","eventName":"n8n.node.finished","message":"n8n.node.finished","payload":{"workflowId":"ipTQvEEvjb2UKSSr","workflowName":"Newman - Juice Shop Tests","executionId":"25","nodeType":"n8n-nodes-base.code","nodeName":"Results echec JSON","nodeId":"3e0fd6e7-cdbc-4098-a1a7-b09daa56b9fc"}}
{"__type":"$$EventMessageConfirm","confirm":"b0df5ddb-d9ea-4de3-84be-b214e7091c0c","ts":"2026-08-19T09:50:00.895+01:00","source":{"id":"0","name":"eventBus"}}
{"__type":"$$EventMessageNode","id":"feb54c0d-44b0-4166-a840-5f3026e3ba10","ts":"2026-08-19T09:50:00.896+01:00","eventName":"n8n.node.started","message":"n8n.node.started","payload":{"workflowId":"ipTQvEEvjb2UKSSr","workflowName":"Newman - Juice Shop Tests","executionId":"25","nodeType":"n8n-nodes-base.if","nodeName":"If","nodeId":"f8efa516-b7dd-4c68-8d3a-c1411819c13f"}}
{"__type":"$$EventMessageConfirm","confirm":"feb54c0d-44b0-4166-a840-5f3026e3ba10","ts":"2026-08-19T09:50:00.896+01:00","source":{"id":"0","name":"eventBus"}}
{"__type":"$$EventMessageNode","id":"b13e490a-26aa-4481-b59f-77e2a086f399","ts":"2026-08-19T09:50:00.900+01:00","eventName":"n8n.node.finished","message":"n8n.node.finished","payload":{"workflowId":"ipTQvEEvjb2UKSSr","workflowName":"Newman - Juice Shop Tests","executionId":"25","nodeType":"n8n-nodes-base.if","nodeName":"If","nodeId":"f8efa516-b7dd-4c68-8d3a-c1411819c13f"}}
{"__type":"$$EventMessageConfirm","confirm":"b13e490a-26aa-4481-b59f-77e2a086f399","ts":"2026-08-19T09:50:00.901+01:00","source":{"id":"0","name":"eventBus"}}
{"__type":"$$EventMessageNode","id":"7d9b2be9-3dc5-4da8-a2a2-0fd3a42a1dcc","ts":"2026-08-19T09:50:00.908+01:00","eventName":"n8n.node.started","message":"n8n.node.started","payload":{"workflowId":"ipTQvEEvjb2UKSSr","workflowName":"Newman - Juice Shop Tests","executionId":"25","nodeType":"@n8n/n8n-nodes-langchain.googleGemini","nodeName":"Message a model","nodeId":"6c02d02f-a973-4598-a1f3-9d773f6ff14f"}}
{"__type":"$$EventMessageConfirm","confirm":"7d9b2be9-3dc5-4da8-a2a2-0fd3a42a1dcc","ts":"2026-08-19T09:50:00.908+01:00","source":{"id":"0","name":"eventBus"}}
{"__type":"$$EventMessageNode","id":"a0994ae6-d9eb-4960-a4f1-4d9c4213fcf7","ts":"2026-08-19T09:50:04.310+01:00","eventName":"n8n.node.finished","message":"n8n.node.finished","payload":{"workflowId":"ipTQvEEvjb2UKSSr","workflowName":"Newman - Juice Shop Tests","executionId":"25","nodeType":"@n8n/n8n-nodes-langchain.googleGemini","nodeName":"Message a model","nodeId":"6c02d02f-a973-4598-a1f3-9d773f6ff14f"}}
{"__type":"$$EventMessageConfirm","confirm":"a0994ae6-d9eb-4960-a4f1-4d9c4213fcf7","ts":"2026-08-19T09:50:04.310+01:00","source":{"id":"0","name":"eventBus"}}
{"__type":"$$EventMessageWorkflow","id":"ec8ad6d7-ac3b-484d-922c-521e64afe81a","ts":"2026-08-19T09:50:04.313+01:00","eventName":"n8n.workflow.failed","message":"n8n.workflow.failed","payload":{"userId":"2934ed8e-246f-40de-b9c4-3db63c015199","executionId":"25","success":false,"isManual":true,"mode":"manual","workflowId":"ipTQvEEvjb2UKSSr","workflowName":"Newman - Juice Shop Tests","projectId":"VRkJ3QtMy9NsT7G4","projectName":"project pfa <rojectpfa@outlook.com>","lastNodeExecuted":"Message a model","errorNodeType":"@n8n/n8n-nodes-langchain.googleGemini","errorMessage":"Service unavailable - try again later or consider setting this node to retry automatically (in the node settings)"}}
{"__type":"$$EventMessageConfirm","confirm":"ec8ad6d7-ac3b-484d-922c-521e64afe81a","ts":"2026-08-19T09:50:04.313+01:00","source":{"id":"0","name":"eventBus"}}
{"__type":"$$EventMessageAudit","id":"2d7e5467-5fac-4425-bcca-ace64ed26fa0","ts":"2026-08-19T09:50:16.649+01:00","eventName":"n8n.audit.workflow.updated","message":"n8n.audit.workflow.updated","payload":{"userId":"2934ed8e-246f-40de-b9c4-3db63c015199","_email":"rojectpfa@outlook.com","_firstName":"project","_lastName":"pfa","globalRole":"global:owner","workflowId":"ipTQvEEvjb2UKSSr","workflowName":"Newman - Juice Shop Tests"}}
{"__type":"$$EventMessageConfirm","confirm":"2d7e5467-5fac-4425-bcca-ace64ed26fa0","ts":"2026-08-19T09:50:16.650+01:00","source":{"id":"0","name":"eventBus"}}
{"__type":"$$EventMessageAudit","id":"cebf3453-1645-4a4a-b144-e05a8113ba78","ts":"2026-08-19T09:50:17.943+01:00","eventName":"n8n.audit.workflow.executed","message":"n8n.audit.workflow.executed","payload":{"userId":"2934ed8e-246f-40de-b9c4-3db63c015199","_email":"rojectpfa@outlook.com","_firstName":"project","_lastName":"pfa","globalRole":"global:owner","workflowId":"ipTQvEEvjb2UKSSr","workflowName":"Newman - Juice Shop Tests","executionId":"26","projectId":"VRkJ3QtMy9NsT7G4","projectName":"project pfa <rojectpfa@outlook.com>","source":"user-manual"}}
{"__type":"$$EventMessageConfirm","confirm":"cebf3453-1645-4a4a-b144-e05a8113ba78","ts":"2026-08-19T09:50:17.944+01:00","source":{"id":"0","name":"eventBus"}}
{"__type":"$$EventMessageWorkflow","id":"2cf331c3-ef9a-4089-a3be-19d7de812408","ts":"2026-08-19T09:50:17.944+01:00","eventName":"n8n.workflow.started","message":"n8n.workflow.started","payload":{"executionId":"26","workflowId":"ipTQvEEvjb2UKSSr","isManual":false,"mode":"manual","workflowName":"Newman - Juice Shop Tests","projectId":"VRkJ3QtMy9NsT7G4","projectName":"project pfa <rojectpfa@outlook.com>"}}
{"__type":"$$EventMessageConfirm","confirm":"2cf331c3-ef9a-4089-a3be-19d7de812408","ts":"2026-08-19T09:50:17.945+01:00","source":{"id":"0","name":"eventBus"}}
{"__type":"$$EventMessageNode","id":"393c22f3-eaed-4bc5-8fdc-5d13f7705db6","ts":"2026-08-19T09:50:17.953+01:00","eventName":"n8n.node.started","message":"n8n.node.started","payload":{"workflowId":"ipTQvEEvjb2UKSSr","workflowName":"Newman - Juice Shop Tests","executionId":"26","nodeType":"n8n-nodes-base.manualTrigger","nodeName":"When clicking ‘Execute workflow’","nodeId":"6f4bb230-c1c3-40b0-8281-c8e8d013185d"}}
{"__type":"$$EventMessageConfirm","confirm":"393c22f3-eaed-4bc5-8fdc-5d13f7705db6","ts":"2026-08-19T09:50:17.953+01:00","source":{"id":"0","name":"eventBus"}}
{"__type":"$$EventMessageNode","id":"3f297f08-58bd-4224-9ffb-00e4776c5242","ts":"2026-08-19T09:50:17.954+01:00","eventName":"n8n.node.finished","message":"n8n.node.finished","payload":{"workflowId":"ipTQvEEvjb2UKSSr","workflowName":"Newman - Juice Shop Tests","executionId":"26","nodeType":"n8n-nodes-base.manualTrigger","nodeName":"When clicking ‘Execute workflow’","nodeId":"6f4bb230-c1c3-40b0-8281-c8e8d013185d"}}
{"__type":"$$EventMessageConfirm","confirm":"3f297f08-58bd-4224-9ffb-00e4776c5242","ts":"2026-08-19T09:50:17.954+01:00","source":{"id":"0","name":"eventBus"}}
{"__type":"$$EventMessageNode","id":"dc7702a0-173d-48dd-9d14-acc1e5890127","ts":"2026-08-19T09:50:17.954+01:00","eventName":"n8n.node.started","message":"n8n.node.started","payload":{"workflowId":"ipTQvEEvjb2UKSSr","workflowName":"Newman - Juice Shop Tests","executionId":"26","nodeType":"n8n-nodes-base.executeCommand","nodeName":"Execute Command  Newman","nodeId":"0ccb398f-e181-437e-8304-1e6aec49aa9a"}}
{"__type":"$$EventMessageConfirm","confirm":"dc7702a0-173d-48dd-9d14-acc1e5890127","ts":"2026-08-19T09:50:17.955+01:00","source":{"id":"0","name":"eventBus"}}
{"__type":"$$EventMessageNode","id":"33e9384b-197e-4210-864c-a1aa343494c8","ts":"2026-08-19T09:50:17.969+01:00","eventName":"n8n.node.finished","message":"n8n.node.finished","payload":{"workflowId":"ipTQvEEvjb2UKSSr","workflowName":"Newman - Juice Shop Tests","executionId":"26","nodeType":"n8n-nodes-base.executeCommand","nodeName":"Execute Command  Newman","nodeId":"0ccb398f-e181-437e-8304-1e6aec49aa9a"}}
{"__type":"$$EventMessageConfirm","confirm":"33e9384b-197e-4210-864c-a1aa343494c8","ts":"2026-08-19T09:50:17.969+01:00","source":{"id":"0","name":"eventBus"}}
{"__type":"$$EventMessageNode","id":"1a5c60d5-eafc-45e4-965b-64130335c194","ts":"2026-08-19T09:50:17.973+01:00","eventName":"n8n.node.started","message":"n8n.node.started","payload":{"workflowId":"ipTQvEEvjb2UKSSr","workflowName":"Newman - Juice Shop Tests","executionId":"26","nodeType":"n8n-nodes-base.code","nodeName":"Json Newman","nodeId":"5235daad-32fd-4a2e-ace0-ca0816d8e4e3"}}
{"__type":"$$EventMessageConfirm","confirm":"1a5c60d5-eafc-45e4-965b-64130335c194","ts":"2026-08-19T09:50:17.973+01:00","source":{"id":"0","name":"eventBus"}}
{"__type":"$$EventMessageRunner","id":"079113fd-d338-4564-aec3-f3af6e894c53","ts":"2026-08-19T09:50:17.975+01:00","eventName":"n8n.runner.task.requested","message":"n8n.runner.task.requested","payload":{"taskId":"ab8buOGj","nodeId":"5235daad-32fd-4a2e-ace0-ca0816d8e4e3","workflowId":"ipTQvEEvjb2UKSSr","executionId":"26"}}
{"__type":"$$EventMessageConfirm","confirm":"079113fd-d338-4564-aec3-f3af6e894c53","ts":"2026-08-19T09:50:17.975+01:00","source":{"id":"0","name":"eventBus"}}
{"__type":"$$EventMessageRunner","id":"4cce29ff-9cf7-46a9-bef6-59a63b14ae3d","ts":"2026-08-19T09:50:17.992+01:00","eventName":"n8n.runner.response.received","message":"n8n.runner.response.received","payload":{"taskId":"ab8buOGj","nodeId":"5235daad-32fd-4a2e-ace0-ca0816d8e4e3","workflowId":"ipTQvEEvjb2UKSSr","executionId":"26"}}
{"__type":"$$EventMessageConfirm","confirm":"4cce29ff-9cf7-46a9-bef6-59a63b14ae3d","ts":"2026-08-19T09:50:17.992+01:00","source":{"id":"0","name":"eventBus"}}
{"__type":"$$EventMessageNode","id":"8263da01-4e57-4631-b2aa-33d01b379176","ts":"2026-08-19T09:50:17.992+01:00","eventName":"n8n.node.finished","message":"n8n.node.finished","payload":{"workflowId":"ipTQvEEvjb2UKSSr","workflowName":"Newman - Juice Shop Tests","executionId":"26","nodeType":"n8n-nodes-base.code","nodeName":"Json Newman","nodeId":"5235daad-32fd-4a2e-ace0-ca0816d8e4e3"}}
{"__type":"$$EventMessageConfirm","confirm":"8263da01-4e57-4631-b2aa-33d01b379176","ts":"2026-08-19T09:50:17.992+01:00","source":{"id":"0","name":"eventBus"}}
{"__type":"$$EventMessageNode","id":"7db7cfe4-b313-4786-9d46-ac4690862d2e","ts":"2026-08-19T09:50:17.993+01:00","eventName":"n8n.node.started","message":"n8n.node.started","payload":{"workflowId":"ipTQvEEvjb2UKSSr","workflowName":"Newman - Juice Shop Tests","executionId":"26","nodeType":"n8n-nodes-base.executeCommand","nodeName":"Execute Command  Cypress","nodeId":"73f65794-ee07-485a-8ce5-3c6e9b0f7188"}}
{"__type":"$$EventMessageConfirm","confirm":"7db7cfe4-b313-4786-9d46-ac4690862d2e","ts":"2026-08-19T09:50:17.994+01:00","source":{"id":"0","name":"eventBus"}}
{"__type":"$$EventMessageNode","id":"eca23096-b4a9-44a8-a1a4-019b554fbdca","ts":"2026-08-19T09:50:18.003+01:00","eventName":"n8n.node.finished","message":"n8n.node.finished","payload":{"workflowId":"ipTQvEEvjb2UKSSr","workflowName":"Newman - Juice Shop Tests","executionId":"26","nodeType":"n8n-nodes-base.executeCommand","nodeName":"Execute Command  Cypress","nodeId":"73f65794-ee07-485a-8ce5-3c6e9b0f7188"}}
{"__type":"$$EventMessageConfirm","confirm":"eca23096-b4a9-44a8-a1a4-019b554fbdca","ts":"2026-08-19T09:50:18.003+01:00","source":{"id":"0","name":"eventBus"}}
{"__type":"$$EventMessageNode","id":"98927a84-7602-40dc-a895-c7047ccb325a","ts":"2026-08-19T09:50:18.005+01:00","eventName":"n8n.node.started","message":"n8n.node.started","payload":{"workflowId":"ipTQvEEvjb2UKSSr","workflowName":"Newman - Juice Shop Tests","executionId":"26","nodeType":"n8n-nodes-base.code","nodeName":"Json Cypress","nodeId":"3d8b6114-7f38-4884-a052-98f5310d054f"}}
{"__type":"$$EventMessageConfirm","confirm":"98927a84-7602-40dc-a895-c7047ccb325a","ts":"2026-08-19T09:50:18.005+01:00","source":{"id":"0","name":"eventBus"}}
{"__type":"$$EventMessageRunner","id":"9ded81e0-879f-4824-9808-b61b0bf7f0b2","ts":"2026-08-19T09:50:18.008+01:00","eventName":"n8n.runner.task.requested","message":"n8n.runner.task.requested","payload":{"taskId":"lArt_o3r","nodeId":"3d8b6114-7f38-4884-a052-98f5310d054f","workflowId":"ipTQvEEvjb2UKSSr","executionId":"26"}}
{"__type":"$$EventMessageConfirm","confirm":"9ded81e0-879f-4824-9808-b61b0bf7f0b2","ts":"2026-08-19T09:50:18.008+01:00","source":{"id":"0","name":"eventBus"}}
{"__type":"$$EventMessageRunner","id":"b88d02c7-8c33-4856-b54b-f22ff88d125e","ts":"2026-08-19T09:50:18.013+01:00","eventName":"n8n.runner.response.received","message":"n8n.runner.response.received","payload":{"taskId":"lArt_o3r","nodeId":"3d8b6114-7f38-4884-a052-98f5310d054f","workflowId":"ipTQvEEvjb2UKSSr","executionId":"26"}}
{"__type":"$$EventMessageConfirm","confirm":"b88d02c7-8c33-4856-b54b-f22ff88d125e","ts":"2026-08-19T09:50:18.014+01:00","source":{"id":"0","name":"eventBus"}}
{"__type":"$$EventMessageNode","id":"bf7a2133-212b-4c5c-9d46-bb44ff91c994","ts":"2026-08-19T09:50:18.014+01:00","eventName":"n8n.node.finished","message":"n8n.node.finished","payload":{"workflowId":"ipTQvEEvjb2UKSSr","workflowName":"Newman - Juice Shop Tests","executionId":"26","nodeType":"n8n-nodes-base.code","nodeName":"Json Cypress","nodeId":"3d8b6114-7f38-4884-a052-98f5310d054f"}}
{"__type":"$$EventMessageConfirm","confirm":"bf7a2133-212b-4c5c-9d46-bb44ff91c994","ts":"2026-08-19T09:50:18.014+01:00","source":{"id":"0","name":"eventBus"}}
{"__type":"$$EventMessageNode","id":"da1f4d3a-a6f0-4d1e-a6d5-28aa6d39400b","ts":"2026-08-19T09:50:18.015+01:00","eventName":"n8n.node.started","message":"n8n.node.started","payload":{"workflowId":"ipTQvEEvjb2UKSSr","workflowName":"Newman - Juice Shop Tests","executionId":"26","nodeType":"n8n-nodes-base.code","nodeName":"Results echec JSON","nodeId":"3e0fd6e7-cdbc-4098-a1a7-b09daa56b9fc"}}
{"__type":"$$EventMessageConfirm","confirm":"da1f4d3a-a6f0-4d1e-a6d5-28aa6d39400b","ts":"2026-08-19T09:50:18.015+01:00","source":{"id":"0","name":"eventBus"}}
{"__type":"$$EventMessageRunner","id":"428f7f5d-c294-45a0-86aa-4cb7e79377db","ts":"2026-08-19T09:50:18.016+01:00","eventName":"n8n.runner.task.requested","message":"n8n.runner.task.requested","payload":{"taskId":"yYooXAPY","nodeId":"3e0fd6e7-cdbc-4098-a1a7-b09daa56b9fc","workflowId":"ipTQvEEvjb2UKSSr","executionId":"26"}}
{"__type":"$$EventMessageConfirm","confirm":"428f7f5d-c294-45a0-86aa-4cb7e79377db","ts":"2026-08-19T09:50:18.016+01:00","source":{"id":"0","name":"eventBus"}}
{"__type":"$$EventMessageRunner","id":"d4fd2305-f18b-4f97-8ddc-e52452db2ea3","ts":"2026-08-19T09:50:18.022+01:00","eventName":"n8n.runner.response.received","message":"n8n.runner.response.received","payload":{"taskId":"yYooXAPY","nodeId":"3e0fd6e7-cdbc-4098-a1a7-b09daa56b9fc","workflowId":"ipTQvEEvjb2UKSSr","executionId":"26"}}
{"__type":"$$EventMessageConfirm","confirm":"d4fd2305-f18b-4f97-8ddc-e52452db2ea3","ts":"2026-08-19T09:50:18.022+01:00","source":{"id":"0","name":"eventBus"}}
{"__type":"$$EventMessageNode","id":"36326e6f-9600-4ac8-ac36-83cc6812324e","ts":"2026-08-19T09:50:18.023+01:00","eventName":"n8n.node.finished","message":"n8n.node.finished","payload":{"workflowId":"ipTQvEEvjb2UKSSr","workflowName":"Newman - Juice Shop Tests","executionId":"26","nodeType":"n8n-nodes-base.code","nodeName":"Results echec JSON","nodeId":"3e0fd6e7-cdbc-4098-a1a7-b09daa56b9fc"}}
{"__type":"$$EventMessageConfirm","confirm":"36326e6f-9600-4ac8-ac36-83cc6812324e","ts":"2026-08-19T09:50:18.023+01:00","source":{"id":"0","name":"eventBus"}}
{"__type":"$$EventMessageNode","id":"6a1f1919-eec0-457b-b540-3bfa0b35a47e","ts":"2026-08-19T09:50:18.023+01:00","eventName":"n8n.node.started","message":"n8n.node.started","payload":{"workflowId":"ipTQvEEvjb2UKSSr","workflowName":"Newman - Juice Shop Tests","executionId":"26","nodeType":"n8n-nodes-base.if","nodeName":"If","nodeId":"f8efa516-b7dd-4c68-8d3a-c1411819c13f"}}
{"__type":"$$EventMessageConfirm","confirm":"6a1f1919-eec0-457b-b540-3bfa0b35a47e","ts":"2026-08-19T09:50:18.024+01:00","source":{"id":"0","name":"eventBus"}}
{"__type":"$$EventMessageNode","id":"0427d4aa-92f0-4705-b275-f2e14058c424","ts":"2026-08-19T09:50:18.025+01:00","eventName":"n8n.node.finished","message":"n8n.node.finished","payload":{"workflowId":"ipTQvEEvjb2UKSSr","workflowName":"Newman - Juice Shop Tests","executionId":"26","nodeType":"n8n-nodes-base.if","nodeName":"If","nodeId":"f8efa516-b7dd-4c68-8d3a-c1411819c13f"}}
{"__type":"$$EventMessageConfirm","confirm":"0427d4aa-92f0-4705-b275-f2e14058c424","ts":"2026-08-19T09:50:18.025+01:00","source":{"id":"0","name":"eventBus"}}
{"__type":"$$EventMessageNode","id":"b24b8750-ee1b-4b23-bc1e-ffe9696792a1","ts":"2026-08-19T09:50:18.026+01:00","eventName":"n8n.node.started","message":"n8n.node.started","payload":{"workflowId":"ipTQvEEvjb2UKSSr","workflowName":"Newman - Juice Shop Tests","executionId":"26","nodeType":"@n8n/n8n-nodes-langchain.googleGemini","nodeName":"Message a model","nodeId":"6c02d02f-a973-4598-a1f3-9d773f6ff14f"}}
{"__type":"$$EventMessageConfirm","confirm":"b24b8750-ee1b-4b23-bc1e-ffe9696792a1","ts":"2026-08-19T09:50:18.026+01:00","source":{"id":"0","name":"eventBus"}}
{"__type":"$$EventMessageNode","id":"dfd5884d-bdce-4824-8146-69413f35e316","ts":"2026-08-19T09:50:31.769+01:00","eventName":"n8n.node.finished","message":"n8n.node.finished","payload":{"workflowId":"ipTQvEEvjb2UKSSr","workflowName":"Newman - Juice Shop Tests","executionId":"26","nodeType":"@n8n/n8n-nodes-langchain.googleGemini","nodeName":"Message a model","nodeId":"6c02d02f-a973-4598-a1f3-9d773f6ff14f"}}
{"__type":"$$EventMessageConfirm","confirm":"dfd5884d-bdce-4824-8146-69413f35e316","ts":"2026-08-19T09:50:31.769+01:00","source":{"id":"0","name":"eventBus"}}
{"__type":"$$EventMessageNode","id":"cb9f1b7e-ce12-4a45-9cac-79220d17e4a2","ts":"2026-08-19T09:50:31.770+01:00","eventName":"n8n.node.started","message":"n8n.node.started","payload":{"workflowId":"ipTQvEEvjb2UKSSr","workflowName":"Newman - Juice Shop Tests","executionId":"26","nodeType":"n8n-nodes-base.postgres","nodeName":"Insert rows in a table","nodeId":"c53f7362-82a8-4732-b053-feef910bd601"}}
{"__type":"$$EventMessageConfirm","confirm":"cb9f1b7e-ce12-4a45-9cac-79220d17e4a2","ts":"2026-08-19T09:50:31.771+01:00","source":{"id":"0","name":"eventBus"}}
{"__type":"$$EventMessageNode","id":"76d695d0-4d4d-4859-a503-fb7efe9d1b03","ts":"2026-08-19T09:50:31.820+01:00","eventName":"n8n.node.finished","message":"n8n.node.finished","payload":{"workflowId":"ipTQvEEvjb2UKSSr","workflowName":"Newman - Juice Shop Tests","executionId":"26","nodeType":"n8n-nodes-base.postgres","nodeName":"Insert rows in a table","nodeId":"c53f7362-82a8-4732-b053-feef910bd601"}}
{"__type":"$$EventMessageConfirm","confirm":"76d695d0-4d4d-4859-a503-fb7efe9d1b03","ts":"2026-08-19T09:50:31.820+01:00","source":{"id":"0","name":"eventBus"}}
{"__type":"$$EventMessageNode","id":"5d1e0eb9-b339-485b-96ac-611f3d8d01f5","ts":"2026-08-19T09:50:31.821+01:00","eventName":"n8n.node.started","message":"n8n.node.started","payload":{"workflowId":"ipTQvEEvjb2UKSSr","workflowName":"Newman - Juice Shop Tests","executionId":"26","nodeType":"n8n-nodes-base.discord","nodeName":"Discord","nodeId":"b4d3f54b-2c74-4bf2-a9e8-840ef5c16556"}}
{"__type":"$$EventMessageConfirm","confirm":"5d1e0eb9-b339-485b-96ac-611f3d8d01f5","ts":"2026-08-19T09:50:31.821+01:00","source":{"id":"0","name":"eventBus"}}
{"__type":"$$EventMessageNode","id":"cf2b2068-666b-41f8-9d47-c135a129f43d","ts":"2026-08-19T09:50:32.417+01:00","eventName":"n8n.node.finished","message":"n8n.node.finished","payload":{"workflowId":"ipTQvEEvjb2UKSSr","workflowName":"Newman - Juice Shop Tests","executionId":"26","nodeType":"n8n-nodes-base.discord","nodeName":"Discord","nodeId":"b4d3f54b-2c74-4bf2-a9e8-840ef5c16556"}}
{"__type":"$$EventMessageConfirm","confirm":"cf2b2068-666b-41f8-9d47-c135a129f43d","ts":"2026-08-19T09:50:32.417+01:00","source":{"id":"0","name":"eventBus"}}
{"__type":"$$EventMessageWorkflow","id":"27828182-1dfd-48ab-b9da-9e527edef2c5","ts":"2026-08-19T09:50:32.420+01:00","eventName":"n8n.workflow.success","message":"n8n.workflow.success","payload":{"userId":"2934ed8e-246f-40de-b9c4-3db63c015199","executionId":"26","success":true,"isManual":true,"mode":"manual","workflowId":"ipTQvEEvjb2UKSSr","workflowName":"Newman - Juice Shop Tests","projectId":"VRkJ3QtMy9NsT7G4","projectName":"project pfa <rojectpfa@outlook.com>"}}
{"__type":"$$EventMessageConfirm","confirm":"27828182-1dfd-48ab-b9da-9e527edef2c5","ts":"2026-08-19T09:50:32.420+01:00","source":{"id":"0","name":"eventBus"}}
{"__type":"$$EventMessageAudit","id":"db4ed674-e3f7-4d25-80fc-e50fd0fe1165","ts":"2026-08-19T09:54:22.392+01:00","eventName":"n8n.audit.workflow.updated","message":"n8n.audit.workflow.updated","payload":{"userId":"2934ed8e-246f-40de-b9c4-3db63c015199","_email":"rojectpfa@outlook.com","_firstName":"project","_lastName":"pfa","globalRole":"global:owner","workflowId":"ipTQvEEvjb2UKSSr","workflowName":"Newman - Juice Shop Tests"}}
{"__type":"$$EventMessageConfirm","confirm":"db4ed674-e3f7-4d25-80fc-e50fd0fe1165","ts":"2026-08-19T09:54:22.392+01:00","source":{"id":"0","name":"eventBus"}}
{"__type":"$$EventMessageAudit","id":"7f11e6d6-e98d-437d-a0e1-11f1989edbdd","ts":"2026-08-19T09:55:04.892+01:00","eventName":"n8n.audit.workflow.updated","message":"n8n.audit.workflow.updated","payload":{"userId":"2934ed8e-246f-40de-b9c4-3db63c015199","_email":"rojectpfa@outlook.com","_firstName":"project","_lastName":"pfa","globalRole":"global:owner","workflowId":"ipTQvEEvjb2UKSSr","workflowName":"Newman - Juice Shop Tests"}}
{"__type":"$$EventMessageConfirm","confirm":"7f11e6d6-e98d-437d-a0e1-11f1989edbdd","ts":"2026-08-19T09:55:04.892+01:00","source":{"id":"0","name":"eventBus"}}
{"__type":"$$EventMessageAudit","id":"ca1fc0a4-4ffa-4109-9e2c-43f005b6de9e","ts":"2026-08-19T09:55:07.043+01:00","eventName":"n8n.audit.workflow.updated","message":"n8n.audit.workflow.updated","payload":{"userId":"2934ed8e-246f-40de-b9c4-3db63c015199","_email":"rojectpfa@outlook.com","_firstName":"project","_lastName":"pfa","globalRole":"global:owner","workflowId":"ipTQvEEvjb2UKSSr","workflowName":"Newman - Juice Shop Tests"}}
{"__type":"$$EventMessageConfirm","confirm":"ca1fc0a4-4ffa-4109-9e2c-43f005b6de9e","ts":"2026-08-19T09:55:07.043+01:00","source":{"id":"0","name":"eventBus"}}
{"__type":"$$EventMessageAudit","id":"8ab6ce26-9e9a-46c9-ab60-99976216b607","ts":"2026-08-19T10:02:51.677+01:00","eventName":"n8n.audit.workflow.updated","message":"n8n.audit.workflow.updated","payload":{"userId":"2934ed8e-246f-40de-b9c4-3db63c015199","_email":"rojectpfa@outlook.com","_firstName":"project","_lastName":"pfa","globalRole":"global:owner","workflowId":"ipTQvEEvjb2UKSSr","workflowName":"Newman - Juice Shop Tests"}}
{"__type":"$$EventMessageConfirm","confirm":"8ab6ce26-9e9a-46c9-ab60-99976216b607","ts":"2026-08-19T10:02:51.677+01:00","source":{"id":"0","name":"eventBus"}}
{"__type":"$$EventMessageAudit","id":"a54bd2c7-6f90-40aa-9bc2-9cc1c309e4b1","ts":"2026-08-19T10:04:46.622+01:00","eventName":"n8n.audit.workflow.updated","message":"n8n.audit.workflow.updated","payload":{"userId":"2934ed8e-246f-40de-b9c4-3db63c015199","_email":"rojectpfa@outlook.com","_firstName":"project","_lastName":"pfa","globalRole":"global:owner","workflowId":"ipTQvEEvjb2UKSSr","workflowName":"Newman - Juice Shop Tests"}}
{"__type":"$$EventMessageConfirm","confirm":"a54bd2c7-6f90-40aa-9bc2-9cc1c309e4b1","ts":"2026-08-19T10:04:46.622+01:00","source":{"id":"0","name":"eventBus"}}
{"__type":"$$EventMessageAudit","id":"831c0d23-3347-4fb0-97d5-8e93b3a8050d","ts":"2026-08-19T10:06:37.672+01:00","eventName":"n8n.audit.workflow.updated","message":"n8n.audit.workflow.updated","payload":{"userId":"2934ed8e-246f-40de-b9c4-3db63c015199","_email":"rojectpfa@outlook.com","_firstName":"project","_lastName":"pfa","globalRole":"global:owner","workflowId":"ipTQvEEvjb2UKSSr","workflowName":"Newman - Juice Shop Tests"}}
{"__type":"$$EventMessageConfirm","confirm":"831c0d23-3347-4fb0-97d5-8e93b3a8050d","ts":"2026-08-19T10:06:37.672+01:00","source":{"id":"0","name":"eventBus"}}
{"__type":"$$EventMessageAudit","id":"943e8b49-ce61-4f7f-989b-2fe17af1dcc3","ts":"2026-08-19T10:06:44.671+01:00","eventName":"n8n.audit.workflow.updated","message":"n8n.audit.workflow.updated","payload":{"userId":"2934ed8e-246f-40de-b9c4-3db63c015199","_email":"rojectpfa@outlook.com","_firstName":"project","_lastName":"pfa","globalRole":"global:owner","workflowId":"ipTQvEEvjb2UKSSr","workflowName":"Newman - Juice Shop Tests"}}
{"__type":"$$EventMessageConfirm","confirm":"943e8b49-ce61-4f7f-989b-2fe17af1dcc3","ts":"2026-08-19T10:06:44.671+01:00","source":{"id":"0","name":"eventBus"}}
{"__type":"$$EventMessageAudit","id":"dfa07f74-6086-48d3-bcbb-8ea000e64463","ts":"2026-08-19T10:06:51.671+01:00","eventName":"n8n.audit.workflow.updated","message":"n8n.audit.workflow.updated","payload":{"userId":"2934ed8e-246f-40de-b9c4-3db63c015199","_email":"rojectpfa@outlook.com","_firstName":"project","_lastName":"pfa","globalRole":"global:owner","workflowId":"ipTQvEEvjb2UKSSr","workflowName":"Newman - Juice Shop Tests"}}
{"__type":"$$EventMessageConfirm","confirm":"dfa07f74-6086-48d3-bcbb-8ea000e64463","ts":"2026-08-19T10:06:51.671+01:00","source":{"id":"0","name":"eventBus"}}
{"__type":"$$EventMessageAudit","id":"153a7900-069f-4d9e-9a9d-357e8ae4649f","ts":"2026-08-19T10:07:01.675+01:00","eventName":"n8n.audit.workflow.updated","message":"n8n.audit.workflow.updated","payload":{"userId":"2934ed8e-246f-40de-b9c4-3db63c015199","_email":"rojectpfa@outlook.com","_firstName":"project","_lastName":"pfa","globalRole":"global:owner","workflowId":"ipTQvEEvjb2UKSSr","workflowName":"Newman - Juice Shop Tests"}}
{"__type":"$$EventMessageConfirm","confirm":"153a7900-069f-4d9e-9a9d-357e8ae4649f","ts":"2026-08-19T10:07:01.675+01:00","source":{"id":"0","name":"eventBus"}}
{"__type":"$$EventMessageAudit","id":"eb2e7d4b-6ecd-4a26-878b-20f7d5469bca","ts":"2026-08-19T10:07:09.673+01:00","eventName":"n8n.audit.workflow.updated","message":"n8n.audit.workflow.updated","payload":{"userId":"2934ed8e-246f-40de-b9c4-3db63c015199","_email":"rojectpfa@outlook.com","_firstName":"project","_lastName":"pfa","globalRole":"global:owner","workflowId":"ipTQvEEvjb2UKSSr","workflowName":"Newman - Juice Shop Tests"}}
{"__type":"$$EventMessageConfirm","confirm":"eb2e7d4b-6ecd-4a26-878b-20f7d5469bca","ts":"2026-08-19T10:07:09.673+01:00","source":{"id":"0","name":"eventBus"}}
{"__type":"$$EventMessageAudit","id":"cfa1af9f-0a85-43bc-85e5-15232c3102f2","ts":"2026-08-19T10:07:15.014+01:00","eventName":"n8n.audit.workflow.updated","message":"n8n.audit.workflow.updated","payload":{"userId":"2934ed8e-246f-40de-b9c4-3db63c015199","_email":"rojectpfa@outlook.com","_firstName":"project","_lastName":"pfa","globalRole":"global:owner","workflowId":"ipTQvEEvjb2UKSSr","workflowName":"Newman - Juice Shop Tests"}}
{"__type":"$$EventMessageConfirm","confirm":"cfa1af9f-0a85-43bc-85e5-15232c3102f2","ts":"2026-08-19T10:07:15.015+01:00","source":{"id":"0","name":"eventBus"}}
{"__type":"$$EventMessageAudit","id":"a5c03067-6eb2-4041-9cb1-c28617dae5a3","ts":"2026-08-19T10:07:22.716+01:00","eventName":"n8n.audit.workflow.updated","message":"n8n.audit.workflow.updated","payload":{"userId":"2934ed8e-246f-40de-b9c4-3db63c015199","_email":"rojectpfa@outlook.com","_firstName":"project","_lastName":"pfa","globalRole":"global:owner","workflowId":"ipTQvEEvjb2UKSSr","workflowName":"Newman - Juice Shop Tests"}}
{"__type":"$$EventMessageConfirm","confirm":"a5c03067-6eb2-4041-9cb1-c28617dae5a3","ts":"2026-08-19T10:07:22.717+01:00","source":{"id":"0","name":"eventBus"}}
{"__type":"$$EventMessageAudit","id":"8936a55f-ccef-4bb0-9390-c4ba8f2adcee","ts":"2026-08-19T10:07:25.391+01:00","eventName":"n8n.audit.workflow.updated","message":"n8n.audit.workflow.updated","payload":{"userId":"2934ed8e-246f-40de-b9c4-3db63c015199","_email":"rojectpfa@outlook.com","_firstName":"project","_lastName":"pfa","globalRole":"global:owner","workflowId":"ipTQvEEvjb2UKSSr","workflowName":"Newman - Juice Shop Tests"}}
{"__type":"$$EventMessageConfirm","confirm":"8936a55f-ccef-4bb0-9390-c4ba8f2adcee","ts":"2026-08-19T10:07:25.391+01:00","source":{"id":"0","name":"eventBus"}}
{"__type":"$$EventMessageAudit","id":"a707d6a9-0c0a-4a20-89b9-5127e07b01c4","ts":"2026-08-19T10:07:28.674+01:00","eventName":"n8n.audit.workflow.updated","message":"n8n.audit.workflow.updated","payload":{"userId":"2934ed8e-246f-40de-b9c4-3db63c015199","_email":"rojectpfa@outlook.com","_firstName":"project","_lastName":"pfa","globalRole":"global:owner","workflowId":"ipTQvEEvjb2UKSSr","workflowName":"Newman - Juice Shop Tests"}}
{"__type":"$$EventMessageConfirm","confirm":"a707d6a9-0c0a-4a20-89b9-5127e07b01c4","ts":"2026-08-19T10:07:28.674+01:00","source":{"id":"0","name":"eventBus"}}
{"__type":"$$EventMessageAudit","id":"4a621ff4-7cbc-4de3-9aea-871203b13d18","ts":"2026-08-19T10:07:37.672+01:00","eventName":"n8n.audit.workflow.updated","message":"n8n.audit.workflow.updated","payload":{"userId":"2934ed8e-246f-40de-b9c4-3db63c015199","_email":"rojectpfa@outlook.com","_firstName":"project","_lastName":"pfa","globalRole":"global:owner","workflowId":"ipTQvEEvjb2UKSSr","workflowName":"Newman - Juice Shop Tests"}}
{"__type":"$$EventMessageConfirm","confirm":"4a621ff4-7cbc-4de3-9aea-871203b13d18","ts":"2026-08-19T10:07:37.672+01:00","source":{"id":"0","name":"eventBus"}}
{"__type":"$$EventMessageAudit","id":"7de53d38-d31b-4e0c-9b16-8d3746c3215b","ts":"2026-08-19T10:07:44.673+01:00","eventName":"n8n.audit.workflow.updated","message":"n8n.audit.workflow.updated","payload":{"userId":"2934ed8e-246f-40de-b9c4-3db63c015199","_email":"rojectpfa@outlook.com","_firstName":"project","_lastName":"pfa","globalRole":"global:owner","workflowId":"ipTQvEEvjb2UKSSr","workflowName":"Newman - Juice Shop Tests"}}
{"__type":"$$EventMessageConfirm","confirm":"7de53d38-d31b-4e0c-9b16-8d3746c3215b","ts":"2026-08-19T10:07:44.673+01:00","source":{"id":"0","name":"eventBus"}}
{"__type":"$$EventMessageAudit","id":"28ac90f6-73ce-4540-badf-127e02ca52fa","ts":"2026-08-19T10:07:51.662+01:00","eventName":"n8n.audit.workflow.updated","message":"n8n.audit.workflow.updated","payload":{"userId":"2934ed8e-246f-40de-b9c4-3db63c015199","_email":"rojectpfa@outlook.com","_firstName":"project","_lastName":"pfa","globalRole":"global:owner","workflowId":"ipTQvEEvjb2UKSSr","workflowName":"Newman - Juice Shop Tests"}}
{"__type":"$$EventMessageConfirm","confirm":"28ac90f6-73ce-4540-badf-127e02ca52fa","ts":"2026-08-19T10:07:51.662+01:00","source":{"id":"0","name":"eventBus"}}
{"__type":"$$EventMessageAudit","id":"349775ab-b067-4dee-9eb6-5923e6eb4fc7","ts":"2026-08-19T10:07:58.668+01:00","eventName":"n8n.audit.workflow.updated","message":"n8n.audit.workflow.updated","payload":{"userId":"2934ed8e-246f-40de-b9c4-3db63c015199","_email":"rojectpfa@outlook.com","_firstName":"project","_lastName":"pfa","globalRole":"global:owner","workflowId":"ipTQvEEvjb2UKSSr","workflowName":"Newman - Juice Shop Tests"}}
{"__type":"$$EventMessageConfirm","confirm":"349775ab-b067-4dee-9eb6-5923e6eb4fc7","ts":"2026-08-19T10:07:58.668+01:00","source":{"id":"0","name":"eventBus"}}
{"__type":"$$EventMessageAudit","id":"a2a9b4fe-a795-4a6c-9a2c-a13e743b2186","ts":"2026-08-19T10:08:07.673+01:00","eventName":"n8n.audit.workflow.updated","message":"n8n.audit.workflow.updated","payload":{"userId":"2934ed8e-246f-40de-b9c4-3db63c015199","_email":"rojectpfa@outlook.com","_firstName":"project","_lastName":"pfa","globalRole":"global:owner","workflowId":"ipTQvEEvjb2UKSSr","workflowName":"Newman - Juice Shop Tests"}}
{"__type":"$$EventMessageConfirm","confirm":"a2a9b4fe-a795-4a6c-9a2c-a13e743b2186","ts":"2026-08-19T10:08:07.673+01:00","source":{"id":"0","name":"eventBus"}}
{"__type":"$$EventMessageAudit","id":"271e929e-c64d-460b-aae5-d8dd92ccef80","ts":"2026-08-19T10:08:13.578+01:00","eventName":"n8n.audit.workflow.updated","message":"n8n.audit.workflow.updated","payload":{"userId":"2934ed8e-246f-40de-b9c4-3db63c015199","_email":"rojectpfa@outlook.com","_firstName":"project","_lastName":"pfa","globalRole":"global:owner","workflowId":"ipTQvEEvjb2UKSSr","workflowName":"Newman - Juice Shop Tests"}}
{"__type":"$$EventMessageConfirm","confirm":"271e929e-c64d-460b-aae5-d8dd92ccef80","ts":"2026-08-19T10:08:13.578+01:00","source":{"id":"0","name":"eventBus"}}
{"__type":"$$EventMessageAudit","id":"df8d12d3-7975-4edb-86aa-c65846d54d51","ts":"2026-08-19T10:08:21.683+01:00","eventName":"n8n.audit.workflow.updated","message":"n8n.audit.workflow.updated","payload":{"userId":"2934ed8e-246f-40de-b9c4-3db63c015199","_email":"rojectpfa@outlook.com","_firstName":"project","_lastName":"pfa","globalRole":"global:owner","workflowId":"ipTQvEEvjb2UKSSr","workflowName":"Newman - Juice Shop Tests"}}
{"__type":"$$EventMessageConfirm","confirm":"df8d12d3-7975-4edb-86aa-c65846d54d51","ts":"2026-08-19T10:08:21.683+01:00","source":{"id":"0","name":"eventBus"}}
{"__type":"$$EventMessageAudit","id":"a021b6b3-3b6d-4e4a-9a9e-020eecd83927","ts":"2026-08-19T10:08:27.989+01:00","eventName":"n8n.audit.workflow.updated","message":"n8n.audit.workflow.updated","payload":{"userId":"2934ed8e-246f-40de-b9c4-3db63c015199","_email":"rojectpfa@outlook.com","_firstName":"project","_lastName":"pfa","globalRole":"global:owner","workflowId":"ipTQvEEvjb2UKSSr","workflowName":"Newman - Juice Shop Tests"}}
{"__type":"$$EventMessageConfirm","confirm":"a021b6b3-3b6d-4e4a-9a9e-020eecd83927","ts":"2026-08-19T10:08:27.990+01:00","source":{"id":"0","name":"eventBus"}}
{"__type":"$$EventMessageAudit","id":"b855cb82-7ba3-4606-9810-2f89110074af","ts":"2026-08-19T10:08:33.179+01:00","eventName":"n8n.audit.workflow.updated","message":"n8n.audit.workflow.updated","payload":{"userId":"2934ed8e-246f-40de-b9c4-3db63c015199","_email":"rojectpfa@outlook.com","_firstName":"project","_lastName":"pfa","globalRole":"global:owner","workflowId":"ipTQvEEvjb2UKSSr","workflowName":"Newman - Juice Shop Tests"}}
{"__type":"$$EventMessageConfirm","confirm":"b855cb82-7ba3-4606-9810-2f89110074af","ts":"2026-08-19T10:08:33.179+01:00","source":{"id":"0","name":"eventBus"}}
{"__type":"$$EventMessageAudit","id":"097e2109-c2bb-4824-b730-75b664bd302a","ts":"2026-08-19T10:08:44.399+01:00","eventName":"n8n.audit.workflow.updated","message":"n8n.audit.workflow.updated","payload":{"userId":"2934ed8e-246f-40de-b9c4-3db63c015199","_email":"rojectpfa@outlook.com","_firstName":"project","_lastName":"pfa","globalRole":"global:owner","workflowId":"ipTQvEEvjb2UKSSr","workflowName":"Newman - Juice Shop Tests"}}
{"__type":"$$EventMessageConfirm","confirm":"097e2109-c2bb-4824-b730-75b664bd302a","ts":"2026-08-19T10:08:44.399+01:00","source":{"id":"0","name":"eventBus"}}
{"__type":"$$EventMessageAudit","id":"ae5f5d59-6629-4406-992b-b0250cf0d4f6","ts":"2026-08-19T10:08:53.663+01:00","eventName":"n8n.audit.workflow.updated","message":"n8n.audit.workflow.updated","payload":{"userId":"2934ed8e-246f-40de-b9c4-3db63c015199","_email":"rojectpfa@outlook.com","_firstName":"project","_lastName":"pfa","globalRole":"global:owner","workflowId":"ipTQvEEvjb2UKSSr","workflowName":"Newman - Juice Shop Tests"}}
{"__type":"$$EventMessageConfirm","confirm":"ae5f5d59-6629-4406-992b-b0250cf0d4f6","ts":"2026-08-19T10:08:53.663+01:00","source":{"id":"0","name":"eventBus"}}
{"__type":"$$EventMessageAudit","id":"c0954874-1286-471d-8f91-f610f3818948","ts":"2026-08-19T10:09:00.029+01:00","eventName":"n8n.audit.workflow.updated","message":"n8n.audit.workflow.updated","payload":{"userId":"2934ed8e-246f-40de-b9c4-3db63c015199","_email":"rojectpfa@outlook.com","_firstName":"project","_lastName":"pfa","globalRole":"global:owner","workflowId":"ipTQvEEvjb2UKSSr","workflowName":"Newman - Juice Shop Tests"}}
{"__type":"$$EventMessageConfirm","confirm":"c0954874-1286-471d-8f91-f610f3818948","ts":"2026-08-19T10:09:00.029+01:00","source":{"id":"0","name":"eventBus"}}
{"__type":"$$EventMessageAudit","id":"fc68dfbb-50bf-44c9-94fe-e503ea16cf99","ts":"2026-08-19T10:09:17.347+01:00","eventName":"n8n.audit.workflow.updated","message":"n8n.audit.workflow.updated","payload":{"userId":"2934ed8e-246f-40de-b9c4-3db63c015199","_email":"rojectpfa@outlook.com","_firstName":"project","_lastName":"pfa","globalRole":"global:owner","workflowId":"ipTQvEEvjb2UKSSr","workflowName":"Newman - Juice Shop Tests"}}
{"__type":"$$EventMessageConfirm","confirm":"fc68dfbb-50bf-44c9-94fe-e503ea16cf99","ts":"2026-08-19T10:09:17.348+01:00","source":{"id":"0","name":"eventBus"}}
{"__type":"$$EventMessageWorkflow","id":"def43bdf-540d-484d-a86b-0735deb1627a","ts":"2026-08-19T10:09:28.280+01:00","eventName":"n8n.workflow.started","message":"n8n.workflow.started","payload":{"executionId":"27","workflowId":"ipTQvEEvjb2UKSSr","isManual":false,"mode":"manual","workflowName":"Newman - Juice Shop Tests","projectId":"VRkJ3QtMy9NsT7G4","projectName":"project pfa <rojectpfa@outlook.com>"}}
{"__type":"$$EventMessageConfirm","confirm":"def43bdf-540d-484d-a86b-0735deb1627a","ts":"2026-08-19T10:09:28.281+01:00","source":{"id":"0","name":"eventBus"}}
{"__type":"$$EventMessageAudit","id":"ab0825df-ffd1-4788-8035-bed145de6041","ts":"2026-08-19T10:09:28.282+01:00","eventName":"n8n.audit.workflow.executed","message":"n8n.audit.workflow.executed","payload":{"userId":"2934ed8e-246f-40de-b9c4-3db63c015199","_email":"rojectpfa@outlook.com","_firstName":"project","_lastName":"pfa","globalRole":"global:owner","workflowId":"ipTQvEEvjb2UKSSr","workflowName":"Newman - Juice Shop Tests","executionId":"27","projectId":"VRkJ3QtMy9NsT7G4","projectName":"project pfa <rojectpfa@outlook.com>","source":"user-manual"}}
{"__type":"$$EventMessageConfirm","confirm":"ab0825df-ffd1-4788-8035-bed145de6041","ts":"2026-08-19T10:09:28.282+01:00","source":{"id":"0","name":"eventBus"}}
{"__type":"$$EventMessageWorkflow","id":"bffaadaa-883b-42bc-bb8c-97045faf9c5a","ts":"2026-08-19T10:09:28.299+01:00","eventName":"n8n.workflow.success","message":"n8n.workflow.success","payload":{"userId":"2934ed8e-246f-40de-b9c4-3db63c015199","executionId":"27","success":true,"isManual":true,"mode":"manual","workflowId":"ipTQvEEvjb2UKSSr","workflowName":"Newman - Juice Shop Tests","projectId":"VRkJ3QtMy9NsT7G4","projectName":"project pfa <rojectpfa@outlook.com>"}}
{"__type":"$$EventMessageConfirm","confirm":"bffaadaa-883b-42bc-bb8c-97045faf9c5a","ts":"2026-08-19T10:09:28.300+01:00","source":{"id":"0","name":"eventBus"}}
{"__type":"$$EventMessageWorkflow","id":"e8a3735b-024d-432e-8545-3c8fcd6f22c1","ts":"2026-08-19T10:09:34.164+01:00","eventName":"n8n.workflow.started","message":"n8n.workflow.started","payload":{"executionId":"28","workflowId":"ipTQvEEvjb2UKSSr","isManual":false,"mode":"manual","workflowName":"Newman - Juice Shop Tests","projectId":"VRkJ3QtMy9NsT7G4","projectName":"project pfa <rojectpfa@outlook.com>"}}
{"__type":"$$EventMessageConfirm","confirm":"e8a3735b-024d-432e-8545-3c8fcd6f22c1","ts":"2026-08-19T10:09:34.165+01:00","source":{"id":"0","name":"eventBus"}}
{"__type":"$$EventMessageAudit","id":"496be4c4-8508-495e-8365-6f7d4b3fff37","ts":"2026-08-19T10:09:34.166+01:00","eventName":"n8n.audit.workflow.executed","message":"n8n.audit.workflow.executed","payload":{"userId":"2934ed8e-246f-40de-b9c4-3db63c015199","_email":"rojectpfa@outlook.com","_firstName":"project","_lastName":"pfa","globalRole":"global:owner","workflowId":"ipTQvEEvjb2UKSSr","workflowName":"Newman - Juice Shop Tests","executionId":"28","projectId":"VRkJ3QtMy9NsT7G4","projectName":"project pfa <rojectpfa@outlook.com>","source":"user-manual"}}
{"__type":"$$EventMessageConfirm","confirm":"496be4c4-8508-495e-8365-6f7d4b3fff37","ts":"2026-08-19T10:09:34.166+01:00","source":{"id":"0","name":"eventBus"}}
{"__type":"$$EventMessageWorkflow","id":"5f4fdc9e-fa4d-4738-8936-eb3c3710308a","ts":"2026-08-19T10:09:34.188+01:00","eventName":"n8n.workflow.success","message":"n8n.workflow.success","payload":{"userId":"2934ed8e-246f-40de-b9c4-3db63c015199","executionId":"28","success":true,"isManual":true,"mode":"manual","workflowId":"ipTQvEEvjb2UKSSr","workflowName":"Newman - Juice Shop Tests","projectId":"VRkJ3QtMy9NsT7G4","projectName":"project pfa <rojectpfa@outlook.com>"}}
{"__type":"$$EventMessageConfirm","confirm":"5f4fdc9e-fa4d-4738-8936-eb3c3710308a","ts":"2026-08-19T10:09:34.188+01:00","source":{"id":"0","name":"eventBus"}}
{"__type":"$$EventMessageAudit","id":"f157e0b8-c25d-4d36-a408-2bcf4d7f7930","ts":"2026-08-19T10:09:37.317+01:00","eventName":"n8n.audit.workflow.executed","message":"n8n.audit.workflow.executed","payload":{"userId":"2934ed8e-246f-40de-b9c4-3db63c015199","_email":"rojectpfa@outlook.com","_firstName":"project","_lastName":"pfa","globalRole":"global:owner","workflowId":"ipTQvEEvjb2UKSSr","workflowName":"Newman - Juice Shop Tests","executionId":"29","projectId":"VRkJ3QtMy9NsT7G4","projectName":"project pfa <rojectpfa@outlook.com>","source":"user-manual"}}
{"__type":"$$EventMessageConfirm","confirm":"f157e0b8-c25d-4d36-a408-2bcf4d7f7930","ts":"2026-08-19T10:09:37.318+01:00","source":{"id":"0","name":"eventBus"}}
{"__type":"$$EventMessageWorkflow","id":"64adabb4-9ba0-410a-8440-e2d594de60e6","ts":"2026-08-19T10:09:37.319+01:00","eventName":"n8n.workflow.started","message":"n8n.workflow.started","payload":{"executionId":"29","workflowId":"ipTQvEEvjb2UKSSr","isManual":false,"mode":"manual","workflowName":"Newman - Juice Shop Tests","projectId":"VRkJ3QtMy9NsT7G4","projectName":"project pfa <rojectpfa@outlook.com>"}}
{"__type":"$$EventMessageConfirm","confirm":"64adabb4-9ba0-410a-8440-e2d594de60e6","ts":"2026-08-19T10:09:37.319+01:00","source":{"id":"0","name":"eventBus"}}
{"__type":"$$EventMessageNode","id":"779df25d-a30b-4384-bfc3-c182464d5404","ts":"2026-08-19T10:09:37.328+01:00","eventName":"n8n.node.started","message":"n8n.node.started","payload":{"workflowId":"ipTQvEEvjb2UKSSr","workflowName":"Newman - Juice Shop Tests","executionId":"29","nodeType":"n8n-nodes-base.manualTrigger","nodeName":"When clicking ‘Execute workflow’","nodeId":"6f4bb230-c1c3-40b0-8281-c8e8d013185d"}}
{"__type":"$$EventMessageConfirm","confirm":"779df25d-a30b-4384-bfc3-c182464d5404","ts":"2026-08-19T10:09:37.328+01:00","source":{"id":"0","name":"eventBus"}}
{"__type":"$$EventMessageNode","id":"b5b5fc03-9cea-42dd-9083-f34696673aad","ts":"2026-08-19T10:09:37.329+01:00","eventName":"n8n.node.finished","message":"n8n.node.finished","payload":{"workflowId":"ipTQvEEvjb2UKSSr","workflowName":"Newman - Juice Shop Tests","executionId":"29","nodeType":"n8n-nodes-base.manualTrigger","nodeName":"When clicking ‘Execute workflow’","nodeId":"6f4bb230-c1c3-40b0-8281-c8e8d013185d"}}
{"__type":"$$EventMessageConfirm","confirm":"b5b5fc03-9cea-42dd-9083-f34696673aad","ts":"2026-08-19T10:09:37.329+01:00","source":{"id":"0","name":"eventBus"}}
{"__type":"$$EventMessageNode","id":"aa08de39-77d0-4afb-84fc-e722b3db913d","ts":"2026-08-19T10:09:37.330+01:00","eventName":"n8n.node.started","message":"n8n.node.started","payload":{"workflowId":"ipTQvEEvjb2UKSSr","workflowName":"Newman - Juice Shop Tests","executionId":"29","nodeType":"n8n-nodes-base.executeCommand","nodeName":"Execute Command  Newman","nodeId":"0ccb398f-e181-437e-8304-1e6aec49aa9a"}}
{"__type":"$$EventMessageConfirm","confirm":"aa08de39-77d0-4afb-84fc-e722b3db913d","ts":"2026-08-19T10:09:37.330+01:00","source":{"id":"0","name":"eventBus"}}
{"__type":"$$EventMessageNode","id":"9635dbfa-63d7-44c5-93ec-9509c1a0ad61","ts":"2026-08-19T10:09:37.349+01:00","eventName":"n8n.node.finished","message":"n8n.node.finished","payload":{"workflowId":"ipTQvEEvjb2UKSSr","workflowName":"Newman - Juice Shop Tests","executionId":"29","nodeType":"n8n-nodes-base.executeCommand","nodeName":"Execute Command  Newman","nodeId":"0ccb398f-e181-437e-8304-1e6aec49aa9a"}}
{"__type":"$$EventMessageConfirm","confirm":"9635dbfa-63d7-44c5-93ec-9509c1a0ad61","ts":"2026-08-19T10:09:37.349+01:00","source":{"id":"0","name":"eventBus"}}
{"__type":"$$EventMessageNode","id":"3cc166dc-9d84-4fed-8ca4-16161f56e913","ts":"2026-08-19T10:09:37.353+01:00","eventName":"n8n.node.started","message":"n8n.node.started","payload":{"workflowId":"ipTQvEEvjb2UKSSr","workflowName":"Newman - Juice Shop Tests","executionId":"29","nodeType":"n8n-nodes-base.code","nodeName":"Json Newman","nodeId":"5235daad-32fd-4a2e-ace0-ca0816d8e4e3"}}
{"__type":"$$EventMessageConfirm","confirm":"3cc166dc-9d84-4fed-8ca4-16161f56e913","ts":"2026-08-19T10:09:37.353+01:00","source":{"id":"0","name":"eventBus"}}
{"__type":"$$EventMessageRunner","id":"f73feb7b-804f-4d1c-a555-e690ba089ead","ts":"2026-08-19T10:09:37.355+01:00","eventName":"n8n.runner.task.requested","message":"n8n.runner.task.requested","payload":{"taskId":"9b-OLLtZ","nodeId":"5235daad-32fd-4a2e-ace0-ca0816d8e4e3","workflowId":"ipTQvEEvjb2UKSSr","executionId":"29"}}
{"__type":"$$EventMessageConfirm","confirm":"f73feb7b-804f-4d1c-a555-e690ba089ead","ts":"2026-08-19T10:09:37.356+01:00","source":{"id":"0","name":"eventBus"}}
{"__type":"$$EventMessageRunner","id":"600708c1-c69e-453c-afb0-84198eeee258","ts":"2026-08-19T10:09:37.368+01:00","eventName":"n8n.runner.response.received","message":"n8n.runner.response.received","payload":{"taskId":"9b-OLLtZ","nodeId":"5235daad-32fd-4a2e-ace0-ca0816d8e4e3","workflowId":"ipTQvEEvjb2UKSSr","executionId":"29"}}
{"__type":"$$EventMessageConfirm","confirm":"600708c1-c69e-453c-afb0-84198eeee258","ts":"2026-08-19T10:09:37.368+01:00","source":{"id":"0","name":"eventBus"}}
{"__type":"$$EventMessageNode","id":"6fbf2ab3-36e7-49d2-bb8e-4f4fffa131ac","ts":"2026-08-19T10:09:37.368+01:00","eventName":"n8n.node.finished","message":"n8n.node.finished","payload":{"workflowId":"ipTQvEEvjb2UKSSr","workflowName":"Newman - Juice Shop Tests","executionId":"29","nodeType":"n8n-nodes-base.code","nodeName":"Json Newman","nodeId":"5235daad-32fd-4a2e-ace0-ca0816d8e4e3"}}
{"__type":"$$EventMessageConfirm","confirm":"6fbf2ab3-36e7-49d2-bb8e-4f4fffa131ac","ts":"2026-08-19T10:09:37.368+01:00","source":{"id":"0","name":"eventBus"}}
{"__type":"$$EventMessageNode","id":"5a96d4ef-637e-43ff-abe4-1ce47337c6a0","ts":"2026-08-19T10:09:37.369+01:00","eventName":"n8n.node.started","message":"n8n.node.started","payload":{"workflowId":"ipTQvEEvjb2UKSSr","workflowName":"Newman - Juice Shop Tests","executionId":"29","nodeType":"n8n-nodes-base.executeCommand","nodeName":"Execute Command  Cypress","nodeId":"73f65794-ee07-485a-8ce5-3c6e9b0f7188"}}
{"__type":"$$EventMessageConfirm","confirm":"5a96d4ef-637e-43ff-abe4-1ce47337c6a0","ts":"2026-08-19T10:09:37.370+01:00","source":{"id":"0","name":"eventBus"}}
{"__type":"$$EventMessageNode","id":"853b1f73-6039-41d4-a7b7-8bce5e50639d","ts":"2026-08-19T10:09:37.382+01:00","eventName":"n8n.node.finished","message":"n8n.node.finished","payload":{"workflowId":"ipTQvEEvjb2UKSSr","workflowName":"Newman - Juice Shop Tests","executionId":"29","nodeType":"n8n-nodes-base.executeCommand","nodeName":"Execute Command  Cypress","nodeId":"73f65794-ee07-485a-8ce5-3c6e9b0f7188"}}
{"__type":"$$EventMessageConfirm","confirm":"853b1f73-6039-41d4-a7b7-8bce5e50639d","ts":"2026-08-19T10:09:37.382+01:00","source":{"id":"0","name":"eventBus"}}
{"__type":"$$EventMessageNode","id":"f9968145-b582-48f5-90f0-350060497bf3","ts":"2026-08-19T10:09:37.383+01:00","eventName":"n8n.node.started","message":"n8n.node.started","payload":{"workflowId":"ipTQvEEvjb2UKSSr","workflowName":"Newman - Juice Shop Tests","executionId":"29","nodeType":"n8n-nodes-base.code","nodeName":"Json Cypress","nodeId":"3d8b6114-7f38-4884-a052-98f5310d054f"}}
{"__type":"$$EventMessageConfirm","confirm":"f9968145-b582-48f5-90f0-350060497bf3","ts":"2026-08-19T10:09:37.383+01:00","source":{"id":"0","name":"eventBus"}}
{"__type":"$$EventMessageRunner","id":"1d3ed800-ffae-4012-8f64-0a525f845322","ts":"2026-08-19T10:09:37.385+01:00","eventName":"n8n.runner.task.requested","message":"n8n.runner.task.requested","payload":{"taskId":"vbbFIx7f","nodeId":"3d8b6114-7f38-4884-a052-98f5310d054f","workflowId":"ipTQvEEvjb2UKSSr","executionId":"29"}}
{"__type":"$$EventMessageConfirm","confirm":"1d3ed800-ffae-4012-8f64-0a525f845322","ts":"2026-08-19T10:09:37.386+01:00","source":{"id":"0","name":"eventBus"}}
{"__type":"$$EventMessageRunner","id":"840be8aa-5a01-4b20-9096-d371c8bb3758","ts":"2026-08-19T10:09:37.393+01:00","eventName":"n8n.runner.response.received","message":"n8n.runner.response.received","payload":{"taskId":"vbbFIx7f","nodeId":"3d8b6114-7f38-4884-a052-98f5310d054f","workflowId":"ipTQvEEvjb2UKSSr","executionId":"29"}}
{"__type":"$$EventMessageConfirm","confirm":"840be8aa-5a01-4b20-9096-d371c8bb3758","ts":"2026-08-19T10:09:37.393+01:00","source":{"id":"0","name":"eventBus"}}
{"__type":"$$EventMessageNode","id":"386fc98c-9b12-431c-ab84-bf2f9617b9cb","ts":"2026-08-19T10:09:37.393+01:00","eventName":"n8n.node.finished","message":"n8n.node.finished","payload":{"workflowId":"ipTQvEEvjb2UKSSr","workflowName":"Newman - Juice Shop Tests","executionId":"29","nodeType":"n8n-nodes-base.code","nodeName":"Json Cypress","nodeId":"3d8b6114-7f38-4884-a052-98f5310d054f"}}
{"__type":"$$EventMessageConfirm","confirm":"386fc98c-9b12-431c-ab84-bf2f9617b9cb","ts":"2026-08-19T10:09:37.393+01:00","source":{"id":"0","name":"eventBus"}}
{"__type":"$$EventMessageNode","id":"57e79756-1cbb-456f-9649-d09b453ccb8c","ts":"2026-08-19T10:09:37.395+01:00","eventName":"n8n.node.started","message":"n8n.node.started","payload":{"workflowId":"ipTQvEEvjb2UKSSr","workflowName":"Newman - Juice Shop Tests","executionId":"29","nodeType":"n8n-nodes-base.code","nodeName":"Results echec JSON","nodeId":"3e0fd6e7-cdbc-4098-a1a7-b09daa56b9fc"}}
{"__type":"$$EventMessageConfirm","confirm":"57e79756-1cbb-456f-9649-d09b453ccb8c","ts":"2026-08-19T10:09:37.395+01:00","source":{"id":"0","name":"eventBus"}}
{"__type":"$$EventMessageRunner","id":"3dc4958b-f4ba-449b-92ab-d81f2c1ebacf","ts":"2026-08-19T10:09:37.397+01:00","eventName":"n8n.runner.task.requested","message":"n8n.runner.task.requested","payload":{"taskId":"q4naP380","nodeId":"3e0fd6e7-cdbc-4098-a1a7-b09daa56b9fc","workflowId":"ipTQvEEvjb2UKSSr","executionId":"29"}}
{"__type":"$$EventMessageConfirm","confirm":"3dc4958b-f4ba-449b-92ab-d81f2c1ebacf","ts":"2026-08-19T10:09:37.397+01:00","source":{"id":"0","name":"eventBus"}}
{"__type":"$$EventMessageRunner","id":"64f6cba7-8e74-4051-a473-352c332def97","ts":"2026-08-19T10:09:37.409+01:00","eventName":"n8n.runner.response.received","message":"n8n.runner.response.received","payload":{"taskId":"q4naP380","nodeId":"3e0fd6e7-cdbc-4098-a1a7-b09daa56b9fc","workflowId":"ipTQvEEvjb2UKSSr","executionId":"29"}}
{"__type":"$$EventMessageConfirm","confirm":"64f6cba7-8e74-4051-a473-352c332def97","ts":"2026-08-19T10:09:37.409+01:00","source":{"id":"0","name":"eventBus"}}
{"__type":"$$EventMessageNode","id":"1aff4175-3ac3-415c-a025-feab8493720b","ts":"2026-08-19T10:09:37.409+01:00","eventName":"n8n.node.finished","message":"n8n.node.finished","payload":{"workflowId":"ipTQvEEvjb2UKSSr","workflowName":"Newman - Juice Shop Tests","executionId":"29","nodeType":"n8n-nodes-base.code","nodeName":"Results echec JSON","nodeId":"3e0fd6e7-cdbc-4098-a1a7-b09daa56b9fc"}}
{"__type":"$$EventMessageConfirm","confirm":"1aff4175-3ac3-415c-a025-feab8493720b","ts":"2026-08-19T10:09:37.409+01:00","source":{"id":"0","name":"eventBus"}}
{"__type":"$$EventMessageNode","id":"0261cd27-14e5-4f0a-b257-8ed88eae981a","ts":"2026-08-19T10:09:37.411+01:00","eventName":"n8n.node.started","message":"n8n.node.started","payload":{"workflowId":"ipTQvEEvjb2UKSSr","workflowName":"Newman - Juice Shop Tests","executionId":"29","nodeType":"n8n-nodes-base.if","nodeName":"If","nodeId":"f8efa516-b7dd-4c68-8d3a-c1411819c13f"}}
{"__type":"$$EventMessageConfirm","confirm":"0261cd27-14e5-4f0a-b257-8ed88eae981a","ts":"2026-08-19T10:09:37.411+01:00","source":{"id":"0","name":"eventBus"}}
{"__type":"$$EventMessageNode","id":"b1a269c9-94d8-4f84-8ffa-f59a69645343","ts":"2026-08-19T10:09:37.413+01:00","eventName":"n8n.node.finished","message":"n8n.node.finished","payload":{"workflowId":"ipTQvEEvjb2UKSSr","workflowName":"Newman - Juice Shop Tests","executionId":"29","nodeType":"n8n-nodes-base.if","nodeName":"If","nodeId":"f8efa516-b7dd-4c68-8d3a-c1411819c13f"}}
{"__type":"$$EventMessageConfirm","confirm":"b1a269c9-94d8-4f84-8ffa-f59a69645343","ts":"2026-08-19T10:09:37.413+01:00","source":{"id":"0","name":"eventBus"}}
{"__type":"$$EventMessageNode","id":"cb0e6ba3-7ddb-4467-9c32-dee8b704d28a","ts":"2026-08-19T10:09:37.415+01:00","eventName":"n8n.node.started","message":"n8n.node.started","payload":{"workflowId":"ipTQvEEvjb2UKSSr","workflowName":"Newman - Juice Shop Tests","executionId":"29","nodeType":"@n8n/n8n-nodes-langchain.googleGemini","nodeName":"Message a model","nodeId":"6c02d02f-a973-4598-a1f3-9d773f6ff14f"}}
{"__type":"$$EventMessageConfirm","confirm":"cb0e6ba3-7ddb-4467-9c32-dee8b704d28a","ts":"2026-08-19T10:09:37.415+01:00","source":{"id":"0","name":"eventBus"}}
{"__type":"$$EventMessageNode","id":"e2b74a5d-9264-466b-ad78-1013272eea22","ts":"2026-08-19T10:09:46.704+01:00","eventName":"n8n.node.finished","message":"n8n.node.finished","payload":{"workflowId":"ipTQvEEvjb2UKSSr","workflowName":"Newman - Juice Shop Tests","executionId":"29","nodeType":"@n8n/n8n-nodes-langchain.googleGemini","nodeName":"Message a model","nodeId":"6c02d02f-a973-4598-a1f3-9d773f6ff14f"}}
{"__type":"$$EventMessageConfirm","confirm":"e2b74a5d-9264-466b-ad78-1013272eea22","ts":"2026-08-19T10:09:46.705+01:00","source":{"id":"0","name":"eventBus"}}
{"__type":"$$EventMessageNode","id":"beb23831-5fbf-4725-b593-a4cc6ecf213b","ts":"2026-08-19T10:09:46.706+01:00","eventName":"n8n.node.started","message":"n8n.node.started","payload":{"workflowId":"ipTQvEEvjb2UKSSr","workflowName":"Newman - Juice Shop Tests","executionId":"29","nodeType":"n8n-nodes-base.postgres","nodeName":"Insert rows in a table","nodeId":"c53f7362-82a8-4732-b053-feef910bd601"}}
{"__type":"$$EventMessageConfirm","confirm":"beb23831-5fbf-4725-b593-a4cc6ecf213b","ts":"2026-08-19T10:09:46.706+01:00","source":{"id":"0","name":"eventBus"}}
{"__type":"$$EventMessageNode","id":"458f857a-fa24-4b5f-b806-1a5a5d8f6c0e","ts":"2026-08-19T10:09:46.752+01:00","eventName":"n8n.node.finished","message":"n8n.node.finished","payload":{"workflowId":"ipTQvEEvjb2UKSSr","workflowName":"Newman - Juice Shop Tests","executionId":"29","nodeType":"n8n-nodes-base.postgres","nodeName":"Insert rows in a table","nodeId":"c53f7362-82a8-4732-b053-feef910bd601"}}
{"__type":"$$EventMessageConfirm","confirm":"458f857a-fa24-4b5f-b806-1a5a5d8f6c0e","ts":"2026-08-19T10:09:46.752+01:00","source":{"id":"0","name":"eventBus"}}
{"__type":"$$EventMessageNode","id":"52f0358f-cf91-4beb-8306-7f8e82af2a5a","ts":"2026-08-19T10:09:46.753+01:00","eventName":"n8n.node.started","message":"n8n.node.started","payload":{"workflowId":"ipTQvEEvjb2UKSSr","workflowName":"Newman - Juice Shop Tests","executionId":"29","nodeType":"n8n-nodes-base.discord","nodeName":"Discord","nodeId":"b4d3f54b-2c74-4bf2-a9e8-840ef5c16556"}}
{"__type":"$$EventMessageConfirm","confirm":"52f0358f-cf91-4beb-8306-7f8e82af2a5a","ts":"2026-08-19T10:09:46.753+01:00","source":{"id":"0","name":"eventBus"}}
{"__type":"$$EventMessageNode","id":"15212d66-9a5e-4ac3-a7d8-5d1243f157f7","ts":"2026-08-19T10:09:47.387+01:00","eventName":"n8n.node.finished","message":"n8n.node.finished","payload":{"workflowId":"ipTQvEEvjb2UKSSr","workflowName":"Newman - Juice Shop Tests","executionId":"29","nodeType":"n8n-nodes-base.discord","nodeName":"Discord","nodeId":"b4d3f54b-2c74-4bf2-a9e8-840ef5c16556"}}
{"__type":"$$EventMessageConfirm","confirm":"15212d66-9a5e-4ac3-a7d8-5d1243f157f7","ts":"2026-08-19T10:09:47.388+01:00","source":{"id":"0","name":"eventBus"}}
{"__type":"$$EventMessageWorkflow","id":"3544434b-9326-409e-a13a-18ebc806115b","ts":"2026-08-19T10:09:47.391+01:00","eventName":"n8n.workflow.success","message":"n8n.workflow.success","payload":{"userId":"2934ed8e-246f-40de-b9c4-3db63c015199","executionId":"29","success":true,"isManual":true,"mode":"manual","workflowId":"ipTQvEEvjb2UKSSr","workflowName":"Newman - Juice Shop Tests","projectId":"VRkJ3QtMy9NsT7G4","projectName":"project pfa <rojectpfa@outlook.com>"}}
{"__type":"$$EventMessageConfirm","confirm":"3544434b-9326-409e-a13a-18ebc806115b","ts":"2026-08-19T10:09:47.391+01:00","source":{"id":"0","name":"eventBus"}}
{"__type":"$$EventMessageAudit","id":"fcedc0fe-0abc-4d1b-b2a5-39712a12701a","ts":"2026-08-19T10:13:52.048+01:00","eventName":"n8n.audit.workflow.updated","message":"n8n.audit.workflow.updated","payload":{"userId":"2934ed8e-246f-40de-b9c4-3db63c015199","_email":"rojectpfa@outlook.com","_firstName":"project","_lastName":"pfa","globalRole":"global:owner","workflowId":"ipTQvEEvjb2UKSSr","workflowName":"Newman - Juice Shop Tests"}}
{"__type":"$$EventMessageConfirm","confirm":"fcedc0fe-0abc-4d1b-b2a5-39712a12701a","ts":"2026-08-19T10:13:52.049+01:00","source":{"id":"0","name":"eventBus"}}
{"__type":"$$EventMessageAudit","id":"dd52f808-6eea-48eb-af9c-1e498017dfaa","ts":"2026-08-19T10:14:19.844+01:00","eventName":"n8n.audit.workflow.updated","message":"n8n.audit.workflow.updated","payload":{"userId":"2934ed8e-246f-40de-b9c4-3db63c015199","_email":"rojectpfa@outlook.com","_firstName":"project","_lastName":"pfa","globalRole":"global:owner","workflowId":"ipTQvEEvjb2UKSSr","workflowName":"Newman - Juice Shop Tests"}}
{"__type":"$$EventMessageConfirm","confirm":"dd52f808-6eea-48eb-af9c-1e498017dfaa","ts":"2026-08-19T10:14:19.844+01:00","source":{"id":"0","name":"eventBus"}}
{"__type":"$$EventMessageAudit","id":"46c9fb34-658d-4286-a056-abed8b00ad08","ts":"2026-08-19T10:14:30.366+01:00","eventName":"n8n.audit.workflow.updated","message":"n8n.audit.workflow.updated","payload":{"userId":"2934ed8e-246f-40de-b9c4-3db63c015199","_email":"rojectpfa@outlook.com","_firstName":"project","_lastName":"pfa","globalRole":"global:owner","workflowId":"ipTQvEEvjb2UKSSr","workflowName":"Newman - Juice Shop Tests"}}
{"__type":"$$EventMessageConfirm","confirm":"46c9fb34-658d-4286-a056-abed8b00ad08","ts":"2026-08-19T10:14:30.366+01:00","source":{"id":"0","name":"eventBus"}}
{"__type":"$$EventMessageAudit","id":"7c1c535d-0fb4-46bf-b7dd-e940df44769f","ts":"2026-08-19T10:14:33.658+01:00","eventName":"n8n.audit.workflow.updated","message":"n8n.audit.workflow.updated","payload":{"userId":"2934ed8e-246f-40de-b9c4-3db63c015199","_email":"rojectpfa@outlook.com","_firstName":"project","_lastName":"pfa","globalRole":"global:owner","workflowId":"ipTQvEEvjb2UKSSr","workflowName":"Newman - Juice Shop Tests"}}
{"__type":"$$EventMessageConfirm","confirm":"7c1c535d-0fb4-46bf-b7dd-e940df44769f","ts":"2026-08-19T10:14:33.658+01:00","source":{"id":"0","name":"eventBus"}}
{"__type":"$$EventMessageAudit","id":"883e7d41-92b8-478d-a737-b30529882464","ts":"2026-08-19T10:15:03.231+01:00","eventName":"n8n.audit.workflow.updated","message":"n8n.audit.workflow.updated","payload":{"userId":"2934ed8e-246f-40de-b9c4-3db63c015199","_email":"rojectpfa@outlook.com","_firstName":"project","_lastName":"pfa","globalRole":"global:owner","workflowId":"ipTQvEEvjb2UKSSr","workflowName":"Newman - Juice Shop Tests"}}
{"__type":"$$EventMessageConfirm","confirm":"883e7d41-92b8-478d-a737-b30529882464","ts":"2026-08-19T10:15:03.231+01:00","source":{"id":"0","name":"eventBus"}}
{"__type":"$$EventMessageAudit","id":"d229f558-b0d4-4a2b-9540-1af0ab460cfd","ts":"2026-08-19T10:15:08.800+01:00","eventName":"n8n.audit.workflow.updated","message":"n8n.audit.workflow.updated","payload":{"userId":"2934ed8e-246f-40de-b9c4-3db63c015199","_email":"rojectpfa@outlook.com","_firstName":"project","_lastName":"pfa","globalRole":"global:owner","workflowId":"ipTQvEEvjb2UKSSr","workflowName":"Newman - Juice Shop Tests"}}
{"__type":"$$EventMessageConfirm","confirm":"d229f558-b0d4-4a2b-9540-1af0ab460cfd","ts":"2026-08-19T10:15:08.800+01:00","source":{"id":"0","name":"eventBus"}}
{"__type":"$$EventMessageAudit","id":"250fa2f5-4c66-4668-87c7-11bd72e80482","ts":"2026-08-19T10:17:05.390+01:00","eventName":"n8n.audit.workflow.updated","message":"n8n.audit.workflow.updated","payload":{"userId":"2934ed8e-246f-40de-b9c4-3db63c015199","_email":"rojectpfa@outlook.com","_firstName":"project","_lastName":"pfa","globalRole":"global:owner","workflowId":"ipTQvEEvjb2UKSSr","workflowName":"Newman - Juice Shop Tests"}}
{"__type":"$$EventMessageConfirm","confirm":"250fa2f5-4c66-4668-87c7-11bd72e80482","ts":"2026-08-19T10:17:05.391+01:00","source":{"id":"0","name":"eventBus"}}
{"__type":"$$EventMessageAudit","id":"ce823fbd-532e-41b5-b784-2c52c6a8679f","ts":"2026-08-19T10:17:09.675+01:00","eventName":"n8n.audit.workflow.updated","message":"n8n.audit.workflow.updated","payload":{"userId":"2934ed8e-246f-40de-b9c4-3db63c015199","_email":"rojectpfa@outlook.com","_firstName":"project","_lastName":"pfa","globalRole":"global:owner","workflowId":"ipTQvEEvjb2UKSSr","workflowName":"Newman - Juice Shop Tests"}}
{"__type":"$$EventMessageConfirm","confirm":"ce823fbd-532e-41b5-b784-2c52c6a8679f","ts":"2026-08-19T10:17:09.675+01:00","source":{"id":"0","name":"eventBus"}}
{"__type":"$$EventMessageAudit","id":"a4d74eb4-d78d-4593-844f-3bc9308c9863","ts":"2026-08-19T10:17:12.878+01:00","eventName":"n8n.audit.workflow.updated","message":"n8n.audit.workflow.updated","payload":{"userId":"2934ed8e-246f-40de-b9c4-3db63c015199","_email":"rojectpfa@outlook.com","_firstName":"project","_lastName":"pfa","globalRole":"global:owner","workflowId":"ipTQvEEvjb2UKSSr","workflowName":"Newman - Juice Shop Tests"}}
{"__type":"$$EventMessageConfirm","confirm":"a4d74eb4-d78d-4593-844f-3bc9308c9863","ts":"2026-08-19T10:17:12.878+01:00","source":{"id":"0","name":"eventBus"}}
{"__type":"$$EventMessageAudit","id":"9809ad7a-e275-4e2b-ae03-4f0db3c77cc1","ts":"2026-08-19T10:19:34.808+01:00","eventName":"n8n.audit.workflow.updated","message":"n8n.audit.workflow.updated","payload":{"userId":"2934ed8e-246f-40de-b9c4-3db63c015199","_email":"rojectpfa@outlook.com","_firstName":"project","_lastName":"pfa","globalRole":"global:owner","workflowId":"ipTQvEEvjb2UKSSr","workflowName":"Newman - Juice Shop Tests"}}
{"__type":"$$EventMessageConfirm","confirm":"9809ad7a-e275-4e2b-ae03-4f0db3c77cc1","ts":"2026-08-19T10:19:34.808+01:00","source":{"id":"0","name":"eventBus"}}
{"__type":"$$EventMessageAudit","id":"4eea6448-45ec-4f81-bd8d-49729d93f3e7","ts":"2026-08-19T10:21:13.747+01:00","eventName":"n8n.audit.workflow.executed","message":"n8n.audit.workflow.executed","payload":{"userId":"2934ed8e-246f-40de-b9c4-3db63c015199","_email":"rojectpfa@outlook.com","_firstName":"project","_lastName":"pfa","globalRole":"global:owner","workflowId":"ipTQvEEvjb2UKSSr","workflowName":"Newman - Juice Shop Tests","executionId":"30","projectId":"VRkJ3QtMy9NsT7G4","projectName":"project pfa <rojectpfa@outlook.com>","source":"user-manual"}}
{"__type":"$$EventMessageConfirm","confirm":"4eea6448-45ec-4f81-bd8d-49729d93f3e7","ts":"2026-08-19T10:21:13.747+01:00","source":{"id":"0","name":"eventBus"}}
{"__type":"$$EventMessageWorkflow","id":"43cca96d-9872-4ab4-82e6-ecd97679ce7d","ts":"2026-08-19T10:21:13.748+01:00","eventName":"n8n.workflow.started","message":"n8n.workflow.started","payload":{"executionId":"30","workflowId":"ipTQvEEvjb2UKSSr","isManual":false,"mode":"manual","workflowName":"Newman - Juice Shop Tests","projectId":"VRkJ3QtMy9NsT7G4","projectName":"project pfa <rojectpfa@outlook.com>"}}
{"__type":"$$EventMessageConfirm","confirm":"43cca96d-9872-4ab4-82e6-ecd97679ce7d","ts":"2026-08-19T10:21:13.748+01:00","source":{"id":"0","name":"eventBus"}}
{"__type":"$$EventMessageNode","id":"524c933e-bcb9-4be1-806f-e9e31543ecc3","ts":"2026-08-19T10:21:13.758+01:00","eventName":"n8n.node.started","message":"n8n.node.started","payload":{"workflowId":"ipTQvEEvjb2UKSSr","workflowName":"Newman - Juice Shop Tests","executionId":"30","nodeType":"n8n-nodes-base.manualTrigger","nodeName":"When clicking ‘Execute workflow’","nodeId":"6f4bb230-c1c3-40b0-8281-c8e8d013185d"}}
{"__type":"$$EventMessageConfirm","confirm":"524c933e-bcb9-4be1-806f-e9e31543ecc3","ts":"2026-08-19T10:21:13.758+01:00","source":{"id":"0","name":"eventBus"}}
{"__type":"$$EventMessageNode","id":"73870961-100f-46cd-bf5b-df2a7d97d72b","ts":"2026-08-19T10:21:13.758+01:00","eventName":"n8n.node.finished","message":"n8n.node.finished","payload":{"workflowId":"ipTQvEEvjb2UKSSr","workflowName":"Newman - Juice Shop Tests","executionId":"30","nodeType":"n8n-nodes-base.manualTrigger","nodeName":"When clicking ‘Execute workflow’","nodeId":"6f4bb230-c1c3-40b0-8281-c8e8d013185d"}}
{"__type":"$$EventMessageConfirm","confirm":"73870961-100f-46cd-bf5b-df2a7d97d72b","ts":"2026-08-19T10:21:13.758+01:00","source":{"id":"0","name":"eventBus"}}
{"__type":"$$EventMessageNode","id":"7168b5fe-d0a3-4ad9-af9f-5ff5bce291fc","ts":"2026-08-19T10:21:13.759+01:00","eventName":"n8n.node.started","message":"n8n.node.started","payload":{"workflowId":"ipTQvEEvjb2UKSSr","workflowName":"Newman - Juice Shop Tests","executionId":"30","nodeType":"n8n-nodes-base.executeCommand","nodeName":"Execute Command  Newman","nodeId":"0ccb398f-e181-437e-8304-1e6aec49aa9a"}}
{"__type":"$$EventMessageConfirm","confirm":"7168b5fe-d0a3-4ad9-af9f-5ff5bce291fc","ts":"2026-08-19T10:21:13.759+01:00","source":{"id":"0","name":"eventBus"}}
{"__type":"$$EventMessageNode","id":"6238eb55-748a-41af-8e41-57157ce44e93","ts":"2026-08-19T10:21:13.777+01:00","eventName":"n8n.node.finished","message":"n8n.node.finished","payload":{"workflowId":"ipTQvEEvjb2UKSSr","workflowName":"Newman - Juice Shop Tests","executionId":"30","nodeType":"n8n-nodes-base.executeCommand","nodeName":"Execute Command  Newman","nodeId":"0ccb398f-e181-437e-8304-1e6aec49aa9a"}}
{"__type":"$$EventMessageConfirm","confirm":"6238eb55-748a-41af-8e41-57157ce44e93","ts":"2026-08-19T10:21:13.777+01:00","source":{"id":"0","name":"eventBus"}}
{"__type":"$$EventMessageNode","id":"1992d942-df36-4624-8371-a440d8b7b3f1","ts":"2026-08-19T10:21:13.780+01:00","eventName":"n8n.node.started","message":"n8n.node.started","payload":{"workflowId":"ipTQvEEvjb2UKSSr","workflowName":"Newman - Juice Shop Tests","executionId":"30","nodeType":"n8n-nodes-base.code","nodeName":"Json Newman","nodeId":"5235daad-32fd-4a2e-ace0-ca0816d8e4e3"}}
{"__type":"$$EventMessageConfirm","confirm":"1992d942-df36-4624-8371-a440d8b7b3f1","ts":"2026-08-19T10:21:13.780+01:00","source":{"id":"0","name":"eventBus"}}
{"__type":"$$EventMessageRunner","id":"4d8e0400-d5b6-482d-94aa-505d4428ca5c","ts":"2026-08-19T10:21:13.782+01:00","eventName":"n8n.runner.task.requested","message":"n8n.runner.task.requested","payload":{"taskId":"_1hQcPYa","nodeId":"5235daad-32fd-4a2e-ace0-ca0816d8e4e3","workflowId":"ipTQvEEvjb2UKSSr","executionId":"30"}}
{"__type":"$$EventMessageConfirm","confirm":"4d8e0400-d5b6-482d-94aa-505d4428ca5c","ts":"2026-08-19T10:21:13.783+01:00","source":{"id":"0","name":"eventBus"}}
{"__type":"$$EventMessageRunner","id":"afaa84b2-76b0-4061-856f-047c7ecd3e4f","ts":"2026-08-19T10:21:13.793+01:00","eventName":"n8n.runner.response.received","message":"n8n.runner.response.received","payload":{"taskId":"_1hQcPYa","nodeId":"5235daad-32fd-4a2e-ace0-ca0816d8e4e3","workflowId":"ipTQvEEvjb2UKSSr","executionId":"30"}}
{"__type":"$$EventMessageConfirm","confirm":"afaa84b2-76b0-4061-856f-047c7ecd3e4f","ts":"2026-08-19T10:21:13.794+01:00","source":{"id":"0","name":"eventBus"}}
{"__type":"$$EventMessageNode","id":"474614f4-e543-4138-83ed-dd29526e7e99","ts":"2026-08-19T10:21:13.794+01:00","eventName":"n8n.node.finished","message":"n8n.node.finished","payload":{"workflowId":"ipTQvEEvjb2UKSSr","workflowName":"Newman - Juice Shop Tests","executionId":"30","nodeType":"n8n-nodes-base.code","nodeName":"Json Newman","nodeId":"5235daad-32fd-4a2e-ace0-ca0816d8e4e3"}}
{"__type":"$$EventMessageConfirm","confirm":"474614f4-e543-4138-83ed-dd29526e7e99","ts":"2026-08-19T10:21:13.794+01:00","source":{"id":"0","name":"eventBus"}}
{"__type":"$$EventMessageNode","id":"26c2ddff-1420-4909-aa10-bc53f7a9560c","ts":"2026-08-19T10:21:13.795+01:00","eventName":"n8n.node.started","message":"n8n.node.started","payload":{"workflowId":"ipTQvEEvjb2UKSSr","workflowName":"Newman - Juice Shop Tests","executionId":"30","nodeType":"n8n-nodes-base.executeCommand","nodeName":"Execute Command  Cypress","nodeId":"73f65794-ee07-485a-8ce5-3c6e9b0f7188"}}
{"__type":"$$EventMessageConfirm","confirm":"26c2ddff-1420-4909-aa10-bc53f7a9560c","ts":"2026-08-19T10:21:13.795+01:00","source":{"id":"0","name":"eventBus"}}
{"__type":"$$EventMessageNode","id":"f5d802e1-4659-4c5a-889f-c49a586dbfc9","ts":"2026-08-19T10:21:13.806+01:00","eventName":"n8n.node.finished","message":"n8n.node.finished","payload":{"workflowId":"ipTQvEEvjb2UKSSr","workflowName":"Newman - Juice Shop Tests","executionId":"30","nodeType":"n8n-nodes-base.executeCommand","nodeName":"Execute Command  Cypress","nodeId":"73f65794-ee07-485a-8ce5-3c6e9b0f7188"}}
{"__type":"$$EventMessageConfirm","confirm":"f5d802e1-4659-4c5a-889f-c49a586dbfc9","ts":"2026-08-19T10:21:13.806+01:00","source":{"id":"0","name":"eventBus"}}
{"__type":"$$EventMessageNode","id":"258b17d7-7777-445c-b04b-eeb344cae9d7","ts":"2026-08-19T10:21:13.807+01:00","eventName":"n8n.node.started","message":"n8n.node.started","payload":{"workflowId":"ipTQvEEvjb2UKSSr","workflowName":"Newman - Juice Shop Tests","executionId":"30","nodeType":"n8n-nodes-base.code","nodeName":"Json Cypress","nodeId":"3d8b6114-7f38-4884-a052-98f5310d054f"}}
{"__type":"$$EventMessageConfirm","confirm":"258b17d7-7777-445c-b04b-eeb344cae9d7","ts":"2026-08-19T10:21:13.807+01:00","source":{"id":"0","name":"eventBus"}}
{"__type":"$$EventMessageRunner","id":"be16d7bd-396f-41b8-8a32-482cf93b09e7","ts":"2026-08-19T10:21:13.809+01:00","eventName":"n8n.runner.task.requested","message":"n8n.runner.task.requested","payload":{"taskId":"IgGGgvsR","nodeId":"3d8b6114-7f38-4884-a052-98f5310d054f","workflowId":"ipTQvEEvjb2UKSSr","executionId":"30"}}
{"__type":"$$EventMessageConfirm","confirm":"be16d7bd-396f-41b8-8a32-482cf93b09e7","ts":"2026-08-19T10:21:13.809+01:00","source":{"id":"0","name":"eventBus"}}
{"__type":"$$EventMessageRunner","id":"96f44b5e-4880-434d-a822-537dc2472669","ts":"2026-08-19T10:21:13.816+01:00","eventName":"n8n.runner.response.received","message":"n8n.runner.response.received","payload":{"taskId":"IgGGgvsR","nodeId":"3d8b6114-7f38-4884-a052-98f5310d054f","workflowId":"ipTQvEEvjb2UKSSr","executionId":"30"}}
{"__type":"$$EventMessageConfirm","confirm":"96f44b5e-4880-434d-a822-537dc2472669","ts":"2026-08-19T10:21:13.816+01:00","source":{"id":"0","name":"eventBus"}}
{"__type":"$$EventMessageNode","id":"a67756d2-f051-40ac-a129-2d7310620735","ts":"2026-08-19T10:21:13.816+01:00","eventName":"n8n.node.finished","message":"n8n.node.finished","payload":{"workflowId":"ipTQvEEvjb2UKSSr","workflowName":"Newman - Juice Shop Tests","executionId":"30","nodeType":"n8n-nodes-base.code","nodeName":"Json Cypress","nodeId":"3d8b6114-7f38-4884-a052-98f5310d054f"}}
{"__type":"$$EventMessageConfirm","confirm":"a67756d2-f051-40ac-a129-2d7310620735","ts":"2026-08-19T10:21:13.816+01:00","source":{"id":"0","name":"eventBus"}}
{"__type":"$$EventMessageNode","id":"6a5baeec-9e03-4686-b918-d875c404633a","ts":"2026-08-19T10:21:13.817+01:00","eventName":"n8n.node.started","message":"n8n.node.started","payload":{"workflowId":"ipTQvEEvjb2UKSSr","workflowName":"Newman - Juice Shop Tests","executionId":"30","nodeType":"n8n-nodes-base.code","nodeName":"Results echec JSON","nodeId":"3e0fd6e7-cdbc-4098-a1a7-b09daa56b9fc"}}
{"__type":"$$EventMessageConfirm","confirm":"6a5baeec-9e03-4686-b918-d875c404633a","ts":"2026-08-19T10:21:13.818+01:00","source":{"id":"0","name":"eventBus"}}
{"__type":"$$EventMessageRunner","id":"f1212015-c1f5-45df-9447-2177cc42568b","ts":"2026-08-19T10:21:13.819+01:00","eventName":"n8n.runner.task.requested","message":"n8n.runner.task.requested","payload":{"taskId":"1mEHuw55","nodeId":"3e0fd6e7-cdbc-4098-a1a7-b09daa56b9fc","workflowId":"ipTQvEEvjb2UKSSr","executionId":"30"}}
{"__type":"$$EventMessageConfirm","confirm":"f1212015-c1f5-45df-9447-2177cc42568b","ts":"2026-08-19T10:21:13.819+01:00","source":{"id":"0","name":"eventBus"}}
{"__type":"$$EventMessageRunner","id":"2b83a5b5-4cd7-4034-93f5-13393380ecec","ts":"2026-08-19T10:21:13.827+01:00","eventName":"n8n.runner.response.received","message":"n8n.runner.response.received","payload":{"taskId":"1mEHuw55","nodeId":"3e0fd6e7-cdbc-4098-a1a7-b09daa56b9fc","workflowId":"ipTQvEEvjb2UKSSr","executionId":"30"}}
{"__type":"$$EventMessageConfirm","confirm":"2b83a5b5-4cd7-4034-93f5-13393380ecec","ts":"2026-08-19T10:21:13.827+01:00","source":{"id":"0","name":"eventBus"}}
{"__type":"$$EventMessageNode","id":"6bae510f-30d3-4073-b8f2-e13589af6d00","ts":"2026-08-19T10:21:13.827+01:00","eventName":"n8n.node.finished","message":"n8n.node.finished","payload":{"workflowId":"ipTQvEEvjb2UKSSr","workflowName":"Newman - Juice Shop Tests","executionId":"30","nodeType":"n8n-nodes-base.code","nodeName":"Results echec JSON","nodeId":"3e0fd6e7-cdbc-4098-a1a7-b09daa56b9fc"}}
{"__type":"$$EventMessageConfirm","confirm":"6bae510f-30d3-4073-b8f2-e13589af6d00","ts":"2026-08-19T10:21:13.827+01:00","source":{"id":"0","name":"eventBus"}}
{"__type":"$$EventMessageNode","id":"f6e96cbc-38d6-4a49-b293-1d4b8ce05963","ts":"2026-08-19T10:21:13.828+01:00","eventName":"n8n.node.started","message":"n8n.node.started","payload":{"workflowId":"ipTQvEEvjb2UKSSr","workflowName":"Newman - Juice Shop Tests","executionId":"30","nodeType":"n8n-nodes-base.if","nodeName":"If","nodeId":"f8efa516-b7dd-4c68-8d3a-c1411819c13f"}}
{"__type":"$$EventMessageConfirm","confirm":"f6e96cbc-38d6-4a49-b293-1d4b8ce05963","ts":"2026-08-19T10:21:13.828+01:00","source":{"id":"0","name":"eventBus"}}
{"__type":"$$EventMessageNode","id":"cc47b3a9-f915-4dcf-940b-e79eb61ea45f","ts":"2026-08-19T10:21:13.830+01:00","eventName":"n8n.node.finished","message":"n8n.node.finished","payload":{"workflowId":"ipTQvEEvjb2UKSSr","workflowName":"Newman - Juice Shop Tests","executionId":"30","nodeType":"n8n-nodes-base.if","nodeName":"If","nodeId":"f8efa516-b7dd-4c68-8d3a-c1411819c13f"}}
{"__type":"$$EventMessageConfirm","confirm":"cc47b3a9-f915-4dcf-940b-e79eb61ea45f","ts":"2026-08-19T10:21:13.830+01:00","source":{"id":"0","name":"eventBus"}}
{"__type":"$$EventMessageNode","id":"711c3484-ea6e-4ba1-b391-70dedb264250","ts":"2026-08-19T10:21:13.831+01:00","eventName":"n8n.node.started","message":"n8n.node.started","payload":{"workflowId":"ipTQvEEvjb2UKSSr","workflowName":"Newman - Juice Shop Tests","executionId":"30","nodeType":"@n8n/n8n-nodes-langchain.googleGemini","nodeName":"Message a model","nodeId":"6c02d02f-a973-4598-a1f3-9d773f6ff14f"}}
{"__type":"$$EventMessageConfirm","confirm":"711c3484-ea6e-4ba1-b391-70dedb264250","ts":"2026-08-19T10:21:13.831+01:00","source":{"id":"0","name":"eventBus"}}
{"__type":"$$EventMessageWorkflow","id":"38f34f59-2864-48ee-8090-d8709c360ca8","ts":"2026-08-19T10:21:21.768+01:00","eventName":"n8n.workflow.cancelled","message":"n8n.workflow.cancelled","payload":{"executionId":"30","workflowId":"ipTQvEEvjb2UKSSr","workflowName":"Newman - Juice Shop Tests","reason":"manual"}}
{"__type":"$$EventMessageConfirm","confirm":"38f34f59-2864-48ee-8090-d8709c360ca8","ts":"2026-08-19T10:21:21.768+01:00","source":{"id":"0","name":"eventBus"}}
{"__type":"$$EventMessageWorkflow","id":"359a739e-495b-4576-9197-0371eff47637","ts":"2026-08-19T10:21:21.791+01:00","eventName":"n8n.workflow.failed","message":"n8n.workflow.failed","payload":{"userId":"2934ed8e-246f-40de-b9c4-3db63c015199","executionId":"30","success":false,"isManual":true,"mode":"manual","workflowId":"ipTQvEEvjb2UKSSr","workflowName":"Newman - Juice Shop Tests","projectId":"VRkJ3QtMy9NsT7G4","projectName":"project pfa <rojectpfa@outlook.com>","lastNodeExecuted":"If"}}
{"__type":"$$EventMessageConfirm","confirm":"359a739e-495b-4576-9197-0371eff47637","ts":"2026-08-19T10:21:21.791+01:00","source":{"id":"0","name":"eventBus"}}
{"__type":"$$EventMessageAudit","id":"aaa85d2d-0172-4a45-8525-a5c3abedb301","ts":"2026-08-19T10:22:26.678+01:00","eventName":"n8n.audit.workflow.executed","message":"n8n.audit.workflow.executed","payload":{"userId":"2934ed8e-246f-40de-b9c4-3db63c015199","_email":"rojectpfa@outlook.com","_firstName":"project","_lastName":"pfa","globalRole":"global:owner","workflowId":"ipTQvEEvjb2UKSSr","workflowName":"Newman - Juice Shop Tests","executionId":"31","projectId":"VRkJ3QtMy9NsT7G4","projectName":"project pfa <rojectpfa@outlook.com>","source":"user-manual"}}
{"__type":"$$EventMessageConfirm","confirm":"aaa85d2d-0172-4a45-8525-a5c3abedb301","ts":"2026-08-19T10:22:26.678+01:00","source":{"id":"0","name":"eventBus"}}
{"__type":"$$EventMessageWorkflow","id":"944af01a-ed28-48a2-b4e8-80eac8ef3acf","ts":"2026-08-19T10:22:26.679+01:00","eventName":"n8n.workflow.started","message":"n8n.workflow.started","payload":{"executionId":"31","workflowId":"ipTQvEEvjb2UKSSr","isManual":false,"mode":"manual","workflowName":"Newman - Juice Shop Tests","projectId":"VRkJ3QtMy9NsT7G4","projectName":"project pfa <rojectpfa@outlook.com>"}}
{"__type":"$$EventMessageConfirm","confirm":"944af01a-ed28-48a2-b4e8-80eac8ef3acf","ts":"2026-08-19T10:22:26.679+01:00","source":{"id":"0","name":"eventBus"}}
{"__type":"$$EventMessageNode","id":"efc7af6a-b9d8-4b3e-b5da-66e027a329a2","ts":"2026-08-19T10:22:26.688+01:00","eventName":"n8n.node.started","message":"n8n.node.started","payload":{"workflowId":"ipTQvEEvjb2UKSSr","workflowName":"Newman - Juice Shop Tests","executionId":"31","nodeType":"n8n-nodes-base.manualTrigger","nodeName":"When clicking ‘Execute workflow’","nodeId":"6f4bb230-c1c3-40b0-8281-c8e8d013185d"}}
{"__type":"$$EventMessageConfirm","confirm":"efc7af6a-b9d8-4b3e-b5da-66e027a329a2","ts":"2026-08-19T10:22:26.689+01:00","source":{"id":"0","name":"eventBus"}}
{"__type":"$$EventMessageNode","id":"ba6b7f05-a784-4992-89eb-e16ebea05820","ts":"2026-08-19T10:22:26.689+01:00","eventName":"n8n.node.finished","message":"n8n.node.finished","payload":{"workflowId":"ipTQvEEvjb2UKSSr","workflowName":"Newman - Juice Shop Tests","executionId":"31","nodeType":"n8n-nodes-base.manualTrigger","nodeName":"When clicking ‘Execute workflow’","nodeId":"6f4bb230-c1c3-40b0-8281-c8e8d013185d"}}
{"__type":"$$EventMessageConfirm","confirm":"ba6b7f05-a784-4992-89eb-e16ebea05820","ts":"2026-08-19T10:22:26.689+01:00","source":{"id":"0","name":"eventBus"}}
{"__type":"$$EventMessageNode","id":"60564e60-b372-404e-8d9d-d6c2225dd7c5","ts":"2026-08-19T10:22:26.690+01:00","eventName":"n8n.node.started","message":"n8n.node.started","payload":{"workflowId":"ipTQvEEvjb2UKSSr","workflowName":"Newman - Juice Shop Tests","executionId":"31","nodeType":"n8n-nodes-base.executeCommand","nodeName":"Execute Command  Newman","nodeId":"0ccb398f-e181-437e-8304-1e6aec49aa9a"}}
{"__type":"$$EventMessageConfirm","confirm":"60564e60-b372-404e-8d9d-d6c2225dd7c5","ts":"2026-08-19T10:22:26.690+01:00","source":{"id":"0","name":"eventBus"}}
{"__type":"$$EventMessageNode","id":"86edcffe-4254-4745-8bbf-190608bfbfc4","ts":"2026-08-19T10:22:26.705+01:00","eventName":"n8n.node.finished","message":"n8n.node.finished","payload":{"workflowId":"ipTQvEEvjb2UKSSr","workflowName":"Newman - Juice Shop Tests","executionId":"31","nodeType":"n8n-nodes-base.executeCommand","nodeName":"Execute Command  Newman","nodeId":"0ccb398f-e181-437e-8304-1e6aec49aa9a"}}
{"__type":"$$EventMessageConfirm","confirm":"86edcffe-4254-4745-8bbf-190608bfbfc4","ts":"2026-08-19T10:22:26.705+01:00","source":{"id":"0","name":"eventBus"}}
{"__type":"$$EventMessageNode","id":"f54eac88-dd27-4530-b77d-5ae608953e24","ts":"2026-08-19T10:22:26.709+01:00","eventName":"n8n.node.started","message":"n8n.node.started","payload":{"workflowId":"ipTQvEEvjb2UKSSr","workflowName":"Newman - Juice Shop Tests","executionId":"31","nodeType":"n8n-nodes-base.code","nodeName":"Json Newman","nodeId":"5235daad-32fd-4a2e-ace0-ca0816d8e4e3"}}
{"__type":"$$EventMessageConfirm","confirm":"f54eac88-dd27-4530-b77d-5ae608953e24","ts":"2026-08-19T10:22:26.709+01:00","source":{"id":"0","name":"eventBus"}}
{"__type":"$$EventMessageRunner","id":"49a8c386-0659-47ad-a68b-20e28b278653","ts":"2026-08-19T10:22:26.712+01:00","eventName":"n8n.runner.task.requested","message":"n8n.runner.task.requested","payload":{"taskId":"XOJDafNC","nodeId":"5235daad-32fd-4a2e-ace0-ca0816d8e4e3","workflowId":"ipTQvEEvjb2UKSSr","executionId":"31"}}
{"__type":"$$EventMessageConfirm","confirm":"49a8c386-0659-47ad-a68b-20e28b278653","ts":"2026-08-19T10:22:26.712+01:00","source":{"id":"0","name":"eventBus"}}
{"__type":"$$EventMessageRunner","id":"4980f19b-f503-48ae-8e28-e914770eae26","ts":"2026-08-19T10:22:26.724+01:00","eventName":"n8n.runner.response.received","message":"n8n.runner.response.received","payload":{"taskId":"XOJDafNC","nodeId":"5235daad-32fd-4a2e-ace0-ca0816d8e4e3","workflowId":"ipTQvEEvjb2UKSSr","executionId":"31"}}
{"__type":"$$EventMessageConfirm","confirm":"4980f19b-f503-48ae-8e28-e914770eae26","ts":"2026-08-19T10:22:26.724+01:00","source":{"id":"0","name":"eventBus"}}
{"__type":"$$EventMessageNode","id":"8e3437c6-eb10-4a73-84cd-737e7c1ce0fe","ts":"2026-08-19T10:22:26.724+01:00","eventName":"n8n.node.finished","message":"n8n.node.finished","payload":{"workflowId":"ipTQvEEvjb2UKSSr","workflowName":"Newman - Juice Shop Tests","executionId":"31","nodeType":"n8n-nodes-base.code","nodeName":"Json Newman","nodeId":"5235daad-32fd-4a2e-ace0-ca0816d8e4e3"}}
{"__type":"$$EventMessageConfirm","confirm":"8e3437c6-eb10-4a73-84cd-737e7c1ce0fe","ts":"2026-08-19T10:22:26.724+01:00","source":{"id":"0","name":"eventBus"}}
{"__type":"$$EventMessageNode","id":"40e62e9b-3313-482a-8940-b9e2761fcced","ts":"2026-08-19T10:22:26.725+01:00","eventName":"n8n.node.started","message":"n8n.node.started","payload":{"workflowId":"ipTQvEEvjb2UKSSr","workflowName":"Newman - Juice Shop Tests","executionId":"31","nodeType":"n8n-nodes-base.executeCommand","nodeName":"Execute Command  Cypress","nodeId":"73f65794-ee07-485a-8ce5-3c6e9b0f7188"}}
{"__type":"$$EventMessageConfirm","confirm":"40e62e9b-3313-482a-8940-b9e2761fcced","ts":"2026-08-19T10:22:26.725+01:00","source":{"id":"0","name":"eventBus"}}
{"__type":"$$EventMessageNode","id":"5f4c1d13-54b0-4592-89d3-bc7249e0444b","ts":"2026-08-19T10:22:26.735+01:00","eventName":"n8n.node.finished","message":"n8n.node.finished","payload":{"workflowId":"ipTQvEEvjb2UKSSr","workflowName":"Newman - Juice Shop Tests","executionId":"31","nodeType":"n8n-nodes-base.executeCommand","nodeName":"Execute Command  Cypress","nodeId":"73f65794-ee07-485a-8ce5-3c6e9b0f7188"}}
{"__type":"$$EventMessageConfirm","confirm":"5f4c1d13-54b0-4592-89d3-bc7249e0444b","ts":"2026-08-19T10:22:26.735+01:00","source":{"id":"0","name":"eventBus"}}
{"__type":"$$EventMessageNode","id":"bf592b20-908e-467f-a363-5d1e5022b12d","ts":"2026-08-19T10:22:26.737+01:00","eventName":"n8n.node.started","message":"n8n.node.started","payload":{"workflowId":"ipTQvEEvjb2UKSSr","workflowName":"Newman - Juice Shop Tests","executionId":"31","nodeType":"n8n-nodes-base.code","nodeName":"Json Cypress","nodeId":"3d8b6114-7f38-4884-a052-98f5310d054f"}}
{"__type":"$$EventMessageConfirm","confirm":"bf592b20-908e-467f-a363-5d1e5022b12d","ts":"2026-08-19T10:22:26.737+01:00","source":{"id":"0","name":"eventBus"}}
{"__type":"$$EventMessageRunner","id":"da7f5370-99ab-431d-a5e0-d7df4a499e18","ts":"2026-08-19T10:22:26.739+01:00","eventName":"n8n.runner.task.requested","message":"n8n.runner.task.requested","payload":{"taskId":"qb-JuciG","nodeId":"3d8b6114-7f38-4884-a052-98f5310d054f","workflowId":"ipTQvEEvjb2UKSSr","executionId":"31"}}
{"__type":"$$EventMessageConfirm","confirm":"da7f5370-99ab-431d-a5e0-d7df4a499e18","ts":"2026-08-19T10:22:26.739+01:00","source":{"id":"0","name":"eventBus"}}
{"__type":"$$EventMessageRunner","id":"ae4192e5-2dd4-4afb-9f5d-411986ba38cc","ts":"2026-08-19T10:22:26.745+01:00","eventName":"n8n.runner.response.received","message":"n8n.runner.response.received","payload":{"taskId":"qb-JuciG","nodeId":"3d8b6114-7f38-4884-a052-98f5310d054f","workflowId":"ipTQvEEvjb2UKSSr","executionId":"31"}}
{"__type":"$$EventMessageConfirm","confirm":"ae4192e5-2dd4-4afb-9f5d-411986ba38cc","ts":"2026-08-19T10:22:26.745+01:00","source":{"id":"0","name":"eventBus"}}
{"__type":"$$EventMessageNode","id":"203c7f5f-d96a-4e43-92e6-4f6b77aa07cd","ts":"2026-08-19T10:22:26.745+01:00","eventName":"n8n.node.finished","message":"n8n.node.finished","payload":{"workflowId":"ipTQvEEvjb2UKSSr","workflowName":"Newman - Juice Shop Tests","executionId":"31","nodeType":"n8n-nodes-base.code","nodeName":"Json Cypress","nodeId":"3d8b6114-7f38-4884-a052-98f5310d054f"}}
{"__type":"$$EventMessageConfirm","confirm":"203c7f5f-d96a-4e43-92e6-4f6b77aa07cd","ts":"2026-08-19T10:22:26.745+01:00","source":{"id":"0","name":"eventBus"}}
{"__type":"$$EventMessageNode","id":"12cd48ab-a57a-4b1b-99a6-2c50e864b791","ts":"2026-08-19T10:22:26.746+01:00","eventName":"n8n.node.started","message":"n8n.node.started","payload":{"workflowId":"ipTQvEEvjb2UKSSr","workflowName":"Newman - Juice Shop Tests","executionId":"31","nodeType":"n8n-nodes-base.code","nodeName":"Results echec JSON","nodeId":"3e0fd6e7-cdbc-4098-a1a7-b09daa56b9fc"}}
{"__type":"$$EventMessageConfirm","confirm":"12cd48ab-a57a-4b1b-99a6-2c50e864b791","ts":"2026-08-19T10:22:26.746+01:00","source":{"id":"0","name":"eventBus"}}
{"__type":"$$EventMessageRunner","id":"76428b6c-1a14-4085-a921-55039a1bb11a","ts":"2026-08-19T10:22:26.748+01:00","eventName":"n8n.runner.task.requested","message":"n8n.runner.task.requested","payload":{"taskId":"rKoc0i4g","nodeId":"3e0fd6e7-cdbc-4098-a1a7-b09daa56b9fc","workflowId":"ipTQvEEvjb2UKSSr","executionId":"31"}}
{"__type":"$$EventMessageConfirm","confirm":"76428b6c-1a14-4085-a921-55039a1bb11a","ts":"2026-08-19T10:22:26.748+01:00","source":{"id":"0","name":"eventBus"}}
{"__type":"$$EventMessageRunner","id":"1b2de3f2-550b-45df-aa99-d65f5bdb848f","ts":"2026-08-19T10:22:26.753+01:00","eventName":"n8n.runner.response.received","message":"n8n.runner.response.received","payload":{"taskId":"rKoc0i4g","nodeId":"3e0fd6e7-cdbc-4098-a1a7-b09daa56b9fc","workflowId":"ipTQvEEvjb2UKSSr","executionId":"31"}}
{"__type":"$$EventMessageConfirm","confirm":"1b2de3f2-550b-45df-aa99-d65f5bdb848f","ts":"2026-08-19T10:22:26.753+01:00","source":{"id":"0","name":"eventBus"}}
{"__type":"$$EventMessageNode","id":"d9ce2b2b-abf2-4aa1-b4be-c7e7e03024e9","ts":"2026-08-19T10:22:26.753+01:00","eventName":"n8n.node.finished","message":"n8n.node.finished","payload":{"workflowId":"ipTQvEEvjb2UKSSr","workflowName":"Newman - Juice Shop Tests","executionId":"31","nodeType":"n8n-nodes-base.code","nodeName":"Results echec JSON","nodeId":"3e0fd6e7-cdbc-4098-a1a7-b09daa56b9fc"}}
{"__type":"$$EventMessageConfirm","confirm":"d9ce2b2b-abf2-4aa1-b4be-c7e7e03024e9","ts":"2026-08-19T10:22:26.754+01:00","source":{"id":"0","name":"eventBus"}}
{"__type":"$$EventMessageNode","id":"326f17f1-9552-4aa5-abf8-11dea14882ec","ts":"2026-08-19T10:22:26.754+01:00","eventName":"n8n.node.started","message":"n8n.node.started","payload":{"workflowId":"ipTQvEEvjb2UKSSr","workflowName":"Newman - Juice Shop Tests","executionId":"31","nodeType":"n8n-nodes-base.if","nodeName":"If","nodeId":"f8efa516-b7dd-4c68-8d3a-c1411819c13f"}}
{"__type":"$$EventMessageConfirm","confirm":"326f17f1-9552-4aa5-abf8-11dea14882ec","ts":"2026-08-19T10:22:26.754+01:00","source":{"id":"0","name":"eventBus"}}
{"__type":"$$EventMessageNode","id":"801d2a47-cd00-4651-86dd-fdac93dc3fc1","ts":"2026-08-19T10:22:26.756+01:00","eventName":"n8n.node.finished","message":"n8n.node.finished","payload":{"workflowId":"ipTQvEEvjb2UKSSr","workflowName":"Newman - Juice Shop Tests","executionId":"31","nodeType":"n8n-nodes-base.if","nodeName":"If","nodeId":"f8efa516-b7dd-4c68-8d3a-c1411819c13f"}}
{"__type":"$$EventMessageConfirm","confirm":"801d2a47-cd00-4651-86dd-fdac93dc3fc1","ts":"2026-08-19T10:22:26.756+01:00","source":{"id":"0","name":"eventBus"}}
{"__type":"$$EventMessageNode","id":"05adffeb-65dc-4fb7-b9f8-fc1b3bfa912e","ts":"2026-08-19T10:22:26.756+01:00","eventName":"n8n.node.started","message":"n8n.node.started","payload":{"workflowId":"ipTQvEEvjb2UKSSr","workflowName":"Newman - Juice Shop Tests","executionId":"31","nodeType":"@n8n/n8n-nodes-langchain.googleGemini","nodeName":"Message a model","nodeId":"6c02d02f-a973-4598-a1f3-9d773f6ff14f"}}
{"__type":"$$EventMessageConfirm","confirm":"05adffeb-65dc-4fb7-b9f8-fc1b3bfa912e","ts":"2026-08-19T10:22:26.756+01:00","source":{"id":"0","name":"eventBus"}}
{"__type":"$$EventMessageWorkflow","id":"82752662-dd16-40fb-af2f-ab9c61f843d1","ts":"2026-08-19T10:22:29.980+01:00","eventName":"n8n.workflow.cancelled","message":"n8n.workflow.cancelled","payload":{"executionId":"31","workflowId":"ipTQvEEvjb2UKSSr","workflowName":"Newman - Juice Shop Tests","reason":"manual"}}
{"__type":"$$EventMessageConfirm","confirm":"82752662-dd16-40fb-af2f-ab9c61f843d1","ts":"2026-08-19T10:22:29.980+01:00","source":{"id":"0","name":"eventBus"}}
{"__type":"$$EventMessageWorkflow","id":"212be748-8b97-4731-95b3-fae868fbd663","ts":"2026-08-19T10:22:29.985+01:00","eventName":"n8n.workflow.failed","message":"n8n.workflow.failed","payload":{"userId":"2934ed8e-246f-40de-b9c4-3db63c015199","executionId":"31","success":false,"isManual":true,"mode":"manual","workflowId":"ipTQvEEvjb2UKSSr","workflowName":"Newman - Juice Shop Tests","projectId":"VRkJ3QtMy9NsT7G4","projectName":"project pfa <rojectpfa@outlook.com>","lastNodeExecuted":"If"}}
{"__type":"$$EventMessageConfirm","confirm":"212be748-8b97-4731-95b3-fae868fbd663","ts":"2026-08-19T10:22:29.985+01:00","source":{"id":"0","name":"eventBus"}}
